id,village_id,block_id,district_id,latitude,longitude,address_text,source_id,confidence,geometry,data_status
LOC-VIL-035366,VIL-PB-035366,BLK-MUK-079,DST-MUK,30.5166,74.4801,"Dhigana Village, Muktsar Block, Sri Muktsar Sahib, Punjab, India",SRC-GOI-CENSUS-2011,0.98,SRID=4326;POINT(74.4801 30.5166),official
LOC-VIL-035367,VIL-PB-035367,BLK-MUK-079,DST-MUK,30.526,74.4726,"Chak Duhewala Village, Muktsar Block, Sri Muktsar Sahib, Punjab, India",SRC-GOI-CENSUS-2011,0.98,SRID=4326;POINT(74.4726 30.526),official
LOC-VIL-035371,VIL-PB-035371,BLK-MUK-079,DST-MUK,30.4388,74.4977,"Chak Tamkot Village, Muktsar Block, Sri Muktsar Sahib, Punjab, India",SRC-GOI-CENSUS-2011,0.98,SRID=4326;POINT(74.4977 30.4388),official
LOC-VIL-035373,VIL-PB-035373,BLK-MUK-079,DST-MUK,30.5435,74.5126,"Khunde Halal Village, Muktsar Block, Sri Muktsar Sahib, Punjab, India",SRC-GOI-CENSUS-2011,0.98,SRID=4326;POINT(74.5126 30.5435),official
LOC-VIL-035376,VIL-PB-035376,BLK-MUK-079,DST-MUK,30.5252,74.561,"Mahan Bhaddar Village, Muktsar Block, Sri Muktsar Sahib, Punjab, India",SRC-GOI-CENSUS-2011,0.98,SRID=4326;POINT(74.561 30.5252),official
LOC-VIL-035377,VIL-PB-035377,BLK-MUK-079,DST-MUK,30.4213,74.5772,"Chak Mahan Bhaddar Village, Muktsar Block, Sri Muktsar Sahib, Punjab, India",SRC-GOI-CENSUS-2011,0.98,SRID=4326;POINT(74.5772 30.4213),official
LOC-VIL-035378,VIL-PB-035378,BLK-MUK-079,DST-MUK,30.441,74.4722,"Bhagsar Village, Muktsar Block, Sri Muktsar Sahib, Punjab, India",SRC-GOI-CENSUS-2011,0.98,SRID=4326;POINT(74.4722 30.441),official
LOC-VIL-035379,VIL-PB-035379,BLK-MUK-079,DST-MUK,30.4795,74.5207,"Chibranwali Village, Muktsar Block, Sri Muktsar Sahib, Punjab, India",SRC-GOI-CENSUS-2011,0.98,SRID=4326;POINT(74.5207 30.4795),official
LOC-VIL-035380,VIL-PB-035380,BLK-MUK-079,DST-MUK,30.5039,74.6131,"Chak Chibranwali Village, Muktsar Block, Sri Muktsar Sahib, Punjab, India",SRC-GOI-CENSUS-2011,0.98,SRID=4326;POINT(74.6131 30.5039),official
LOC-VIL-035381,VIL-PB-035381,BLK-MUK-079,DST-MUK,30.5221,74.5046,"Gander Village, Muktsar Block, Sri Muktsar Sahib, Punjab, India",SRC-GOI-CENSUS-2011,0.98,SRID=4326;POINT(74.5046 30.5221),official
LOC-VIL-035382,VIL-PB-035382,BLK-MUK-079,DST-MUK,30.4948,74.4526,"Nandgarh Village, Muktsar Block, Sri Muktsar Sahib, Punjab, India",SRC-GOI-CENSUS-2011,0.98,SRID=4326;POINT(74.4526 30.4948),official
LOC-VIL-035383,VIL-PB-035383,BLK-MUK-079,DST-MUK,30.5164,74.5438,"Samewali Village, Muktsar Block, Sri Muktsar Sahib, Punjab, India",SRC-GOI-CENSUS-2011,0.98,SRID=4326;POINT(74.5438 30.5164),official
LOC-VIL-035384,VIL-PB-035384,BLK-MUK-079,DST-MUK,30.4516,74.6051,"Lakhewali Village, Muktsar Block, Sri Muktsar Sahib, Punjab, India",SRC-GOI-CENSUS-2011,0.98,SRID=4326;POINT(74.6051 30.4516),official
LOC-VIL-035385,VIL-PB-035385,BLK-MUK-079,DST-MUK,30.4331,74.4785,"Madrasa Village, Muktsar Block, Sri Muktsar Sahib, Punjab, India",SRC-GOI-CENSUS-2011,0.98,SRID=4326;POINT(74.4785 30.4331),official
LOC-VIL-035386,VIL-PB-035386,BLK-MUK-079,DST-MUK,30.436,74.5636,"Chak Madrasa Village, Muktsar Block, Sri Muktsar Sahib, Punjab, India",SRC-GOI-CENSUS-2011,0.98,SRID=4326;POINT(74.5636 30.436),official
LOC-VIL-035387,VIL-PB-035387,BLK-MUK-079,DST-MUK,30.4691,74.525,"Ramgarh Village, Muktsar Block, Sri Muktsar Sahib, Punjab, India",SRC-GOI-CENSUS-2011,0.98,SRID=4326;POINT(74.525 30.4691),official
LOC-VIL-035388,VIL-PB-035388,BLK-MUK-079,DST-MUK,30.4881,74.5008,"Akalgarh Village, Muktsar Block, Sri Muktsar Sahib, Punjab, India",SRC-GOI-CENSUS-2011,0.98,SRID=4326;POINT(74.5008 30.4881),official
LOC-VIL-035389,VIL-PB-035389,BLK-MUK-079,DST-MUK,30.4841,74.4525,"Chak Badhai Village, Muktsar Block, Sri Muktsar Sahib, Punjab, India",SRC-GOI-CENSUS-2011,0.98,SRID=4326;POINT(74.4525 30.4841),official
LOC-VIL-035390,VIL-PB-035390,BLK-MUK-079,DST-MUK,30.4068,74.6064,"Badhai Village, Muktsar Block, Sri Muktsar Sahib, Punjab, India",SRC-GOI-CENSUS-2011,0.98,SRID=4326;POINT(74.6064 30.4068),official
LOC-VIL-035391,VIL-PB-035391,BLK-MUK-079,DST-MUK,30.4038,74.4309,"Maur Village, Muktsar Block, Sri Muktsar Sahib, Punjab, India",SRC-GOI-CENSUS-2011,0.98,SRID=4326;POINT(74.4309 30.4038),official
LOC-VIL-035392,VIL-PB-035392,BLK-MUK-079,DST-MUK,30.4986,74.4423,"Ballamgarh Village, Muktsar Block, Sri Muktsar Sahib, Punjab, India",SRC-GOI-CENSUS-2011,0.98,SRID=4326;POINT(74.4423 30.4986),official
LOC-VIL-035393,VIL-PB-035393,BLK-MUK-079,DST-MUK,30.4728,74.5529,"Rohurianwali Village, Muktsar Block, Sri Muktsar Sahib, Punjab, India",SRC-GOI-CENSUS-2011,0.98,SRID=4326;POINT(74.5529 30.4728),official
LOC-VIL-035394,VIL-PB-035394,BLK-MUK-079,DST-MUK,30.5064,74.5817,"Goniana Village, Muktsar Block, Sri Muktsar Sahib, Punjab, India",SRC-GOI-CENSUS-2011,0.98,SRID=4326;POINT(74.5817 30.5064),official
LOC-VIL-035395,VIL-PB-035395,BLK-MUK-079,DST-MUK,30.4113,74.5286,"Rupana Village, Muktsar Block, Sri Muktsar Sahib, Punjab, India",SRC-GOI-CENSUS-2011,0.98,SRID=4326;POINT(74.5286 30.4113),official
LOC-VIL-035396,VIL-PB-035396,BLK-MUK-079,DST-MUK,30.4319,74.4362,"Bhullar Village, Muktsar Block, Sri Muktsar Sahib, Punjab, India",SRC-GOI-CENSUS-2011,0.98,SRID=4326;POINT(74.4362 30.4319),official
LOC-VIL-035397,VIL-PB-035397,BLK-MUK-079,DST-MUK,30.5031,74.4969,"Barkandi Village, Muktsar Block, Sri Muktsar Sahib, Punjab, India",SRC-GOI-CENSUS-2011,0.98,SRID=4326;POINT(74.4969 30.5031),official
LOC-VIL-035398,VIL-PB-035398,BLK-MUK-079,DST-MUK,30.4139,74.4332,"Muktsar(Rural) Village, Muktsar Block, Sri Muktsar Sahib, Punjab, India",SRC-GOI-CENSUS-2011,0.98,SRID=4326;POINT(74.4332 30.4139),official
LOC-VIL-035399,VIL-PB-035399,BLK-MUK-079,DST-MUK,30.4561,74.5607,"Bir Sarkar Village, Muktsar Block, Sri Muktsar Sahib, Punjab, India",SRC-GOI-CENSUS-2011,0.98,SRID=4326;POINT(74.5607 30.4561),official
LOC-VIL-035400,VIL-PB-035400,BLK-MUK-079,DST-MUK,30.5576,74.4422,"Sangu Dhaun Village, Muktsar Block, Sri Muktsar Sahib, Punjab, India",SRC-GOI-CENSUS-2011,0.98,SRID=4326;POINT(74.4422 30.5576),official
LOC-VIL-035401,VIL-PB-035401,BLK-MUK-079,DST-MUK,30.5465,74.5229,"Thandewala Village, Muktsar Block, Sri Muktsar Sahib, Punjab, India",SRC-GOI-CENSUS-2011,0.98,SRID=4326;POINT(74.5229 30.5465),official
LOC-VIL-035402,VIL-PB-035402,BLK-MUK-079,DST-MUK,30.4833,74.5866,"Kotli Sangar Village, Muktsar Block, Sri Muktsar Sahib, Punjab, India",SRC-GOI-CENSUS-2011,0.98,SRID=4326;POINT(74.5866 30.4833),official
LOC-VIL-035403,VIL-PB-035403,BLK-MUK-079,DST-MUK,30.4256,74.4384,"Charewan Village, Muktsar Block, Sri Muktsar Sahib, Punjab, India",SRC-GOI-CENSUS-2011,0.98,SRID=4326;POINT(74.4384 30.4256),official
LOC-VIL-035404,VIL-PB-035404,BLK-MUK-079,DST-MUK,30.54,74.4692,"Ude Karan Village, Muktsar Block, Sri Muktsar Sahib, Punjab, India",SRC-GOI-CENSUS-2011,0.98,SRID=4326;POINT(74.4692 30.54),official
LOC-VIL-035405,VIL-PB-035405,BLK-MUK-079,DST-MUK,30.5102,74.4519,"Chauntra Village, Muktsar Block, Sri Muktsar Sahib, Punjab, India",SRC-GOI-CENSUS-2011,0.98,SRID=4326;POINT(74.4519 30.5102),official
LOC-VIL-035406,VIL-PB-035406,BLK-MUK-079,DST-MUK,30.4607,74.4864,"Mar Mallu Village, Muktsar Block, Sri Muktsar Sahib, Punjab, India",SRC-GOI-CENSUS-2011,0.98,SRID=4326;POINT(74.4864 30.4607),official
LOC-VIL-035407,VIL-PB-035407,BLK-MUK-079,DST-MUK,30.422,74.5132,"Bura Gujjar Village, Muktsar Block, Sri Muktsar Sahib, Punjab, India",SRC-GOI-CENSUS-2011,0.98,SRID=4326;POINT(74.5132 30.422),official
LOC-VIL-035408,VIL-PB-035408,BLK-MUK-079,DST-MUK,30.5196,74.5061,"Kotli Dewan Village, Muktsar Block, Sri Muktsar Sahib, Punjab, India",SRC-GOI-CENSUS-2011,0.98,SRID=4326;POINT(74.5061 30.5196),official
LOC-VIL-035409,VIL-PB-035409,BLK-MUK-079,DST-MUK,30.545,74.4373,"Lambi Dhab Village, Muktsar Block, Sri Muktsar Sahib, Punjab, India",SRC-GOI-CENSUS-2011,0.98,SRID=4326;POINT(74.4373 30.545),official
LOC-VIL-035410,VIL-PB-035410,BLK-MUK-079,DST-MUK,30.401,74.4987,"Chak Lambi Dhab Village, Muktsar Block, Sri Muktsar Sahib, Punjab, India",SRC-GOI-CENSUS-2011,0.98,SRID=4326;POINT(74.4987 30.401),official
LOC-VIL-035411,VIL-PB-035411,BLK-MUK-079,DST-MUK,30.4116,74.5248,"Saddarwala Village, Muktsar Block, Sri Muktsar Sahib, Punjab, India",SRC-GOI-CENSUS-2011,0.98,SRID=4326;POINT(74.5248 30.4116),official
LOC-VIL-035412,VIL-PB-035412,BLK-MUK-079,DST-MUK,30.4752,74.5104,"Chak Attari Saddarwala Village, Muktsar Block, Sri Muktsar Sahib, Punjab, India",SRC-GOI-CENSUS-2011,0.98,SRID=4326;POINT(74.5104 30.4752),official
LOC-VIL-035413,VIL-PB-035413,BLK-MUK-079,DST-MUK,30.5575,74.5084,"Fattanwala Village, Muktsar Block, Sri Muktsar Sahib, Punjab, India",SRC-GOI-CENSUS-2011,0.98,SRID=4326;POINT(74.5084 30.5575),official
LOC-VIL-035414,VIL-PB-035414,BLK-MUK-079,DST-MUK,30.5329,74.5205,"Attari Village, Muktsar Block, Sri Muktsar Sahib, Punjab, India",SRC-GOI-CENSUS-2011,0.98,SRID=4326;POINT(74.5205 30.5329),official
LOC-VIL-035415,VIL-PB-035415,BLK-MUK-079,DST-MUK,30.468,74.5995,"Chak Kala Singhwala Village, Muktsar Block, Sri Muktsar Sahib, Punjab, India",SRC-GOI-CENSUS-2011,0.98,SRID=4326;POINT(74.5995 30.468),official
LOC-VIL-035416,VIL-PB-035416,BLK-MUK-079,DST-MUK,30.4298,74.5226,"Roranwali Village, Muktsar Block, Sri Muktsar Sahib, Punjab, India",SRC-GOI-CENSUS-2011,0.98,SRID=4326;POINT(74.5226 30.4298),official
LOC-VIL-035417,VIL-PB-035417,BLK-MUK-079,DST-MUK,30.4652,74.6059,"Chak Jawahar Singhwala Village, Muktsar Block, Sri Muktsar Sahib, Punjab, India",SRC-GOI-CENSUS-2011,0.98,SRID=4326;POINT(74.6059 30.4652),official
LOC-VIL-035418,VIL-PB-035418,BLK-MUK-079,DST-MUK,30.5216,74.587,"Ranjitgarh Village, Muktsar Block, Sri Muktsar Sahib, Punjab, India",SRC-GOI-CENSUS-2011,0.98,SRID=4326;POINT(74.587 30.5216),official
LOC-VIL-035419,VIL-PB-035419,BLK-MUK-079,DST-MUK,30.5056,74.5409,"Nurpur Kirpalke Village, Muktsar Block, Sri Muktsar Sahib, Punjab, India",SRC-GOI-CENSUS-2011,0.98,SRID=4326;POINT(74.5409 30.5056),official
LOC-VIL-035420,VIL-PB-035420,BLK-MUK-079,DST-MUK,30.5507,74.4969,"Virvianwali Village, Muktsar Block, Sri Muktsar Sahib, Punjab, India",SRC-GOI-CENSUS-2011,0.98,SRID=4326;POINT(74.4969 30.5507),official
LOC-VIL-035421,VIL-PB-035421,BLK-MUK-079,DST-MUK,30.518,74.5476,"Gulabewala Village, Muktsar Block, Sri Muktsar Sahib, Punjab, India",SRC-GOI-CENSUS-2011,0.98,SRID=4326;POINT(74.5476 30.518),official
LOC-VIL-035422,VIL-PB-035422,BLK-MUK-079,DST-MUK,30.5165,74.5822,"Jaseana Village, Muktsar Block, Sri Muktsar Sahib, Punjab, India",SRC-GOI-CENSUS-2011,0.98,SRID=4326;POINT(74.5822 30.5165),official
LOC-VIL-035423,VIL-PB-035423,BLK-MUK-079,DST-MUK,30.4515,74.4842,"Mangatker Village, Muktsar Block, Sri Muktsar Sahib, Punjab, India",SRC-GOI-CENSUS-2011,0.98,SRID=4326;POINT(74.4842 30.4515),official
LOC-VIL-035424,VIL-PB-035424,BLK-MUK-079,DST-MUK,30.4071,74.5827,"Landaroda Village, Muktsar Block, Sri Muktsar Sahib, Punjab, India",SRC-GOI-CENSUS-2011,0.98,SRID=4326;POINT(74.5827 30.4071),official
LOC-VIL-035425,VIL-PB-035425,BLK-MUK-079,DST-MUK,30.4872,74.5357,"Shivpura Village, Muktsar Block, Sri Muktsar Sahib, Punjab, India",SRC-GOI-CENSUS-2011,0.98,SRID=4326;POINT(74.5357 30.4872),official
LOC-VIL-035426,VIL-PB-035426,BLK-MUK-079,DST-MUK,30.4185,74.5522,"Kanianwali Village, Muktsar Block, Sri Muktsar Sahib, Punjab, India",SRC-GOI-CENSUS-2011,0.98,SRID=4326;POINT(74.5522 30.4185),official
LOC-VIL-035427,VIL-PB-035427,BLK-MUK-079,DST-MUK,30.529,74.4929,"Jagat Singhwala Village, Muktsar Block, Sri Muktsar Sahib, Punjab, India",SRC-GOI-CENSUS-2011,0.98,SRID=4326;POINT(74.4929 30.529),official
LOC-VIL-035428,VIL-PB-035428,BLK-MUK-079,DST-MUK,30.4702,74.5605,"Mukand Singhwala Village, Muktsar Block, Sri Muktsar Sahib, Punjab, India",SRC-GOI-CENSUS-2011,0.98,SRID=4326;POINT(74.5605 30.4702),official
LOC-VIL-035429,VIL-PB-035429,BLK-MUK-079,DST-MUK,30.546,74.5476,"Bhangewala Village, Muktsar Block, Sri Muktsar Sahib, Punjab, India",SRC-GOI-CENSUS-2011,0.98,SRID=4326;POINT(74.5476 30.546),official
LOC-VIL-035430,VIL-PB-035430,BLK-MUK-079,DST-MUK,30.4247,74.5619,"Maan Singhwala Village, Muktsar Block, Sri Muktsar Sahib, Punjab, India",SRC-GOI-CENSUS-2011,0.98,SRID=4326;POINT(74.5619 30.4247),official
LOC-VIL-035431,VIL-PB-035431,BLK-MUK-079,DST-MUK,30.446,74.4668,"Sheerwali Village, Muktsar Block, Sri Muktsar Sahib, Punjab, India",SRC-GOI-CENSUS-2011,0.98,SRID=4326;POINT(74.4668 30.446),official
LOC-VIL-035432,VIL-PB-035432,BLK-MUK-079,DST-MUK,30.4513,74.6054,"Najabat Kokrian Village, Muktsar Block, Sri Muktsar Sahib, Punjab, India",SRC-GOI-CENSUS-2011,0.98,SRID=4326;POINT(74.6054 30.4513),official
LOC-VIL-035433,VIL-PB-035433,BLK-MUK-079,DST-MUK,30.5461,74.576,"Lubhanianwali Village, Muktsar Block, Sri Muktsar Sahib, Punjab, India",SRC-GOI-CENSUS-2011,0.98,SRID=4326;POINT(74.576 30.5461),official
LOC-VIL-035434,VIL-PB-035434,BLK-MUK-079,DST-MUK,30.4397,74.4585,"Wangal Village, Muktsar Block, Sri Muktsar Sahib, Punjab, India",SRC-GOI-CENSUS-2011,0.98,SRID=4326;POINT(74.4585 30.4397),official
LOC-VIL-035435,VIL-PB-035435,BLK-MUK-079,DST-MUK,30.5211,74.4904,"Randhawa Village, Muktsar Block, Sri Muktsar Sahib, Punjab, India",SRC-GOI-CENSUS-2011,0.98,SRID=4326;POINT(74.4904 30.5211),official
LOC-VIL-035436,VIL-PB-035436,BLK-MUK-079,DST-MUK,30.5103,74.6162,"Dohak Village, Muktsar Block, Sri Muktsar Sahib, Punjab, India",SRC-GOI-CENSUS-2011,0.98,SRID=4326;POINT(74.6162 30.5103),official
LOC-VIL-035437,VIL-PB-035437,BLK-MUK-079,DST-MUK,30.5553,74.5398,"Chak Dohak Village, Muktsar Block, Sri Muktsar Sahib, Punjab, India",SRC-GOI-CENSUS-2011,0.98,SRID=4326;POINT(74.5398 30.5553),official
LOC-VIL-035438,VIL-PB-035438,BLK-MUK-079,DST-MUK,30.5198,74.506,"Budhimal Village, Muktsar Block, Sri Muktsar Sahib, Punjab, India",SRC-GOI-CENSUS-2011,0.98,SRID=4326;POINT(74.506 30.5198),official
LOC-VIL-035439,VIL-PB-035439,BLK-MUK-079,DST-MUK,30.4001,74.4903,"Jandoke Village, Muktsar Block, Sri Muktsar Sahib, Punjab, India",SRC-GOI-CENSUS-2011,0.98,SRID=4326;POINT(74.4903 30.4001),official
LOC-VIL-035440,VIL-PB-035440,BLK-MUK-079,DST-MUK,30.49,74.5082,"Sakanwali Village, Muktsar Block, Sri Muktsar Sahib, Punjab, India",SRC-GOI-CENSUS-2011,0.98,SRID=4326;POINT(74.5082 30.49),official
LOC-VIL-035441,VIL-PB-035441,BLK-MUK-079,DST-MUK,30.435,74.5287,"Sangrana Village, Muktsar Block, Sri Muktsar Sahib, Punjab, India",SRC-GOI-CENSUS-2011,0.98,SRID=4326;POINT(74.5287 30.435),official
LOC-VIL-035442,VIL-PB-035442,BLK-MUK-079,DST-MUK,30.4761,74.5209,"Dodanwali Village, Muktsar Block, Sri Muktsar Sahib, Punjab, India",SRC-GOI-CENSUS-2011,0.98,SRID=4326;POINT(74.5209 30.4761),official
LOC-VIL-035443,VIL-PB-035443,BLK-MUK-079,DST-MUK,30.5588,74.525,"Takhat Malana Village, Muktsar Block, Sri Muktsar Sahib, Punjab, India",SRC-GOI-CENSUS-2011,0.98,SRID=4326;POINT(74.525 30.5588),official
LOC-VIL-035444,VIL-PB-035444,BLK-MUK-079,DST-MUK,30.4895,74.5423,"Jamuana Village, Muktsar Block, Sri Muktsar Sahib, Punjab, India",SRC-GOI-CENSUS-2011,0.98,SRID=4326;POINT(74.5423 30.4895),official
LOC-VIL-035445,VIL-PB-035445,BLK-MUK-079,DST-MUK,30.492,74.4876,"Chak Baja Madahar Village, Muktsar Block, Sri Muktsar Sahib, Punjab, India",SRC-GOI-CENSUS-2011,0.98,SRID=4326;POINT(74.4876 30.492),official
LOC-VIL-035446,VIL-PB-035446,BLK-MUK-079,DST-MUK,30.5124,74.5191,"Wattu Village, Muktsar Block, Sri Muktsar Sahib, Punjab, India",SRC-GOI-CENSUS-2011,0.98,SRID=4326;POINT(74.5191 30.5124),official
LOC-VIL-035447,VIL-PB-035447,BLK-MUK-079,DST-MUK,30.4433,74.5306,"Motlewala Village, Muktsar Block, Sri Muktsar Sahib, Punjab, India",SRC-GOI-CENSUS-2011,0.98,SRID=4326;POINT(74.5306 30.4433),official
LOC-VIL-035448,VIL-PB-035448,BLK-MUK-079,DST-MUK,30.5396,74.4672,"Chak Motlewala Village, Muktsar Block, Sri Muktsar Sahib, Punjab, India",SRC-GOI-CENSUS-2011,0.98,SRID=4326;POINT(74.4672 30.5396),official
LOC-VIL-035449,VIL-PB-035449,BLK-MUK-079,DST-MUK,30.4768,74.564,"Madahar Kalan Village, Muktsar Block, Sri Muktsar Sahib, Punjab, India",SRC-GOI-CENSUS-2011,0.98,SRID=4326;POINT(74.564 30.4768),official
LOC-VIL-035450,VIL-PB-035450,BLK-MUK-079,DST-MUK,30.5416,74.43,"Baja Madahar Village, Muktsar Block, Sri Muktsar Sahib, Punjab, India",SRC-GOI-CENSUS-2011,0.98,SRID=4326;POINT(74.43 30.5416),official
LOC-VIL-035451,VIL-PB-035451,BLK-MUK-079,DST-MUK,30.535,74.5494,"Chak Gandha Singhwala Village, Muktsar Block, Sri Muktsar Sahib, Punjab, India",SRC-GOI-CENSUS-2011,0.98,SRID=4326;POINT(74.5494 30.535),official
LOC-VIL-035452,VIL-PB-035452,BLK-MUK-079,DST-MUK,30.4453,74.5502,"Sunian Village, Muktsar Block, Sri Muktsar Sahib, Punjab, India",SRC-GOI-CENSUS-2011,0.98,SRID=4326;POINT(74.5502 30.4453),official
LOC-VIL-035453,VIL-PB-035453,BLK-MUK-079,DST-MUK,30.4593,74.4778,"Jhabelwali Village, Muktsar Block, Sri Muktsar Sahib, Punjab, India",SRC-GOI-CENSUS-2011,0.98,SRID=4326;POINT(74.4778 30.4593),official
LOC-VIL-035454,VIL-PB-035454,BLK-MUK-079,DST-MUK,30.5329,74.618,"Warring Village, Muktsar Block, Sri Muktsar Sahib, Punjab, India",SRC-GOI-CENSUS-2011,0.98,SRID=4326;POINT(74.618 30.5329),official
LOC-VIL-035455,VIL-PB-035455,BLK-MUK-079,DST-MUK,30.4012,74.5969,"Haraj Village, Muktsar Block, Sri Muktsar Sahib, Punjab, India",SRC-GOI-CENSUS-2011,0.98,SRID=4326;POINT(74.5969 30.4012),official
LOC-VIL-035456,VIL-PB-035456,BLK-MUK-079,DST-MUK,30.5559,74.4708,"Chak Khokhar Village, Muktsar Block, Sri Muktsar Sahib, Punjab, India",SRC-GOI-CENSUS-2011,0.98,SRID=4326;POINT(74.4708 30.5559),official
LOC-VIL-035457,VIL-PB-035457,BLK-MUK-079,DST-MUK,30.5589,74.5666,"Sarai Naga Village, Muktsar Block, Sri Muktsar Sahib, Punjab, India",SRC-GOI-CENSUS-2011,0.98,SRID=4326;POINT(74.5666 30.5589),official
LOC-VIL-035458,VIL-PB-035458,BLK-MUK-079,DST-MUK,30.4849,74.4285,"Khokhar Village, Muktsar Block, Sri Muktsar Sahib, Punjab, India",SRC-GOI-CENSUS-2011,0.98,SRID=4326;POINT(74.4285 30.4849),official
LOC-VIL-035459,VIL-PB-035459,BLK-MUK-079,DST-MUK,30.4629,74.4209,"Bari Hari Urf Harike Kalan Village, Muktsar Block, Sri Muktsar Sahib, Punjab, India",SRC-GOI-CENSUS-2011,0.98,SRID=4326;POINT(74.4209 30.4629),official
LOC-VIL-035460,VIL-PB-035460,BLK-MUK-079,DST-MUK,30.4264,74.5186,"Samagh Village, Muktsar Block, Sri Muktsar Sahib, Punjab, India",SRC-GOI-CENSUS-2011,0.98,SRID=4326;POINT(74.5186 30.4264),official
LOC-VIL-035321,VIL-PB-035321,BLK-MUK-080,DST-MUK,30.3553,74.7192,"Tharajwala Village, Kot Bhai Block, Sri Muktsar Sahib, Punjab, India",SRC-GOI-CENSUS-2011,0.98,SRID=4326;POINT(74.7192 30.3553),official
LOC-VIL-035322,VIL-PB-035322,BLK-MUK-080,DST-MUK,30.2642,74.6963,"Fakarsar Village, Kot Bhai Block, Sri Muktsar Sahib, Punjab, India",SRC-GOI-CENSUS-2011,0.98,SRID=4326;POINT(74.6963 30.2642),official
LOC-VIL-035323,VIL-PB-035323,BLK-MUK-080,DST-MUK,30.3187,74.6382,"Peori Village, Kot Bhai Block, Sri Muktsar Sahib, Punjab, India",SRC-GOI-CENSUS-2011,0.98,SRID=4326;POINT(74.6382 30.3187),official
LOC-VIL-035324,VIL-PB-035324,BLK-MUK-080,DST-MUK,30.3271,74.6661,"Doula Village, Kot Bhai Block, Sri Muktsar Sahib, Punjab, India",SRC-GOI-CENSUS-2011,0.98,SRID=4326;POINT(74.6661 30.3271),official
LOC-VIL-035325,VIL-PB-035325,BLK-MUK-080,DST-MUK,30.3317,74.6444,"Bharu Village, Kot Bhai Block, Sri Muktsar Sahib, Punjab, India",SRC-GOI-CENSUS-2011,0.98,SRID=4326;POINT(74.6444 30.3317),official
LOC-VIL-035326,VIL-PB-035326,BLK-MUK-080,DST-MUK,30.2777,74.5901,"Husnar Village, Kot Bhai Block, Sri Muktsar Sahib, Punjab, India",SRC-GOI-CENSUS-2011,0.98,SRID=4326;POINT(74.5901 30.2777),official
LOC-VIL-035327,VIL-PB-035327,BLK-MUK-080,DST-MUK,30.2632,74.5722,"Theri Village, Kot Bhai Block, Sri Muktsar Sahib, Punjab, India",SRC-GOI-CENSUS-2011,0.98,SRID=4326;POINT(74.5722 30.2632),official
LOC-VIL-035328,VIL-PB-035328,BLK-MUK-080,DST-MUK,30.3258,74.6971,"Babania Village, Kot Bhai Block, Sri Muktsar Sahib, Punjab, India",SRC-GOI-CENSUS-2011,0.98,SRID=4326;POINT(74.6971 30.3258),official
LOC-VIL-035329,VIL-PB-035329,BLK-MUK-080,DST-MUK,30.3484,74.6399,"Ghagga Village, Kot Bhai Block, Sri Muktsar Sahib, Punjab, India",SRC-GOI-CENSUS-2011,0.98,SRID=4326;POINT(74.6399 30.3484),official
LOC-VIL-035330,VIL-PB-035330,BLK-MUK-080,DST-MUK,30.2708,74.6578,"Kuraiwala Village, Kot Bhai Block, Sri Muktsar Sahib, Punjab, India",SRC-GOI-CENSUS-2011,0.98,SRID=4326;POINT(74.6578 30.2708),official
LOC-VIL-035331,VIL-PB-035331,BLK-MUK-080,DST-MUK,30.3294,74.6901,"Baddian Village, Kot Bhai Block, Sri Muktsar Sahib, Punjab, India",SRC-GOI-CENSUS-2011,0.98,SRID=4326;POINT(74.6901 30.3294),official
LOC-VIL-035332,VIL-PB-035332,BLK-MUK-080,DST-MUK,30.3306,74.6172,"Gurusar Village, Kot Bhai Block, Sri Muktsar Sahib, Punjab, India",SRC-GOI-CENSUS-2011,0.98,SRID=4326;POINT(74.6172 30.3306),official
LOC-VIL-035333,VIL-PB-035333,BLK-MUK-080,DST-MUK,30.3493,74.6737,"Madhir Village, Kot Bhai Block, Sri Muktsar Sahib, Punjab, India",SRC-GOI-CENSUS-2011,0.98,SRID=4326;POINT(74.6737 30.3493),official
LOC-VIL-035334,VIL-PB-035334,BLK-MUK-080,DST-MUK,30.2944,74.6591,"Buttar ( Bakhuha) Village, Kot Bhai Block, Sri Muktsar Sahib, Punjab, India",SRC-GOI-CENSUS-2011,0.98,SRID=4326;POINT(74.6591 30.2944),official
LOC-VIL-035335,VIL-PB-035335,BLK-MUK-080,DST-MUK,30.3484,74.6953,"Kot Bhai Village, Kot Bhai Block, Sri Muktsar Sahib, Punjab, India",SRC-GOI-CENSUS-2011,0.98,SRID=4326;POINT(74.6953 30.3484),official
LOC-VIL-035336,VIL-PB-035336,BLK-MUK-080,DST-MUK,30.3837,74.67,"Chotian Village, Kot Bhai Block, Sri Muktsar Sahib, Punjab, India",SRC-GOI-CENSUS-2011,0.98,SRID=4326;POINT(74.67 30.3837),official
LOC-VIL-035337,VIL-PB-035337,BLK-MUK-080,DST-MUK,30.2966,74.5805,"Sahib Chand Village, Kot Bhai Block, Sri Muktsar Sahib, Punjab, India",SRC-GOI-CENSUS-2011,0.98,SRID=4326;POINT(74.5805 30.2966),official
LOC-VIL-035338,VIL-PB-035338,BLK-MUK-080,DST-MUK,30.2404,74.6816,"Bhalaiana Village, Kot Bhai Block, Sri Muktsar Sahib, Punjab, India",SRC-GOI-CENSUS-2011,0.98,SRID=4326;POINT(74.6816 30.2404),official
LOC-VIL-035339,VIL-PB-035339,BLK-MUK-080,DST-MUK,30.2522,74.5917,"Kotliablu Village, Kot Bhai Block, Sri Muktsar Sahib, Punjab, India",SRC-GOI-CENSUS-2011,0.98,SRID=4326;POINT(74.5917 30.2522),official
LOC-VIL-035340,VIL-PB-035340,BLK-MUK-080,DST-MUK,30.2473,74.6786,"Mallan Village, Kot Bhai Block, Sri Muktsar Sahib, Punjab, India",SRC-GOI-CENSUS-2011,0.98,SRID=4326;POINT(74.6786 30.2473),official
LOC-VIL-035341,VIL-PB-035341,BLK-MUK-080,DST-MUK,30.3132,74.6331,"Kishanpura Village, Kot Bhai Block, Sri Muktsar Sahib, Punjab, India",SRC-GOI-CENSUS-2011,0.98,SRID=4326;POINT(74.6331 30.3132),official
LOC-VIL-035342,VIL-PB-035342,BLK-MUK-080,DST-MUK,30.3247,74.5644,"Surewala Village, Kot Bhai Block, Sri Muktsar Sahib, Punjab, India",SRC-GOI-CENSUS-2011,0.98,SRID=4326;POINT(74.5644 30.3247),official
LOC-VIL-035343,VIL-PB-035343,BLK-MUK-080,DST-MUK,30.3156,74.6581,"Assa Buttar Village, Kot Bhai Block, Sri Muktsar Sahib, Punjab, India",SRC-GOI-CENSUS-2011,0.98,SRID=4326;POINT(74.6581 30.3156),official
LOC-VIL-035344,VIL-PB-035344,BLK-MUK-080,DST-MUK,30.2885,74.7366,"Bhuttiwala Village, Kot Bhai Block, Sri Muktsar Sahib, Punjab, India",SRC-GOI-CENSUS-2011,0.98,SRID=4326;POINT(74.7366 30.2885),official
LOC-VIL-035345,VIL-PB-035345,BLK-MUK-080,DST-MUK,30.3164,74.6387,"Khirkianwala Village, Kot Bhai Block, Sri Muktsar Sahib, Punjab, India",SRC-GOI-CENSUS-2011,0.98,SRID=4326;POINT(74.6387 30.3164),official
LOC-VIL-035346,VIL-PB-035346,BLK-MUK-080,DST-MUK,30.3993,74.6299,"Kauni Village, Kot Bhai Block, Sri Muktsar Sahib, Punjab, India",SRC-GOI-CENSUS-2011,0.98,SRID=4326;POINT(74.6299 30.3993),official
LOC-VIL-035347,VIL-PB-035347,BLK-MUK-080,DST-MUK,30.3492,74.6517,"Gurri Sangar Village, Kot Bhai Block, Sri Muktsar Sahib, Punjab, India",SRC-GOI-CENSUS-2011,0.98,SRID=4326;POINT(74.6517 30.3492),official
LOC-VIL-035348,VIL-PB-035348,BLK-MUK-080,DST-MUK,30.3158,74.5978,"Dhulkot Village, Kot Bhai Block, Sri Muktsar Sahib, Punjab, India",SRC-GOI-CENSUS-2011,0.98,SRID=4326;POINT(74.5978 30.3158),official
LOC-VIL-035349,VIL-PB-035349,BLK-MUK-080,DST-MUK,30.3189,74.5849,"Lohara Village, Kot Bhai Block, Sri Muktsar Sahib, Punjab, India",SRC-GOI-CENSUS-2011,0.98,SRID=4326;POINT(74.5849 30.3189),official
LOC-VIL-035350,VIL-PB-035350,BLK-MUK-080,DST-MUK,30.3884,74.5766,"Buttar Sarien Village, Kot Bhai Block, Sri Muktsar Sahib, Punjab, India",SRC-GOI-CENSUS-2011,0.98,SRID=4326;POINT(74.5766 30.3884),official
LOC-VIL-035351,VIL-PB-035351,BLK-MUK-080,DST-MUK,30.2833,74.7387,"Chhatiana Village, Kot Bhai Block, Sri Muktsar Sahib, Punjab, India",SRC-GOI-CENSUS-2011,0.98,SRID=4326;POINT(74.7387 30.2833),official
LOC-VIL-035352,VIL-PB-035352,BLK-MUK-080,DST-MUK,30.3584,74.7319,"Rokhala Village, Kot Bhai Block, Sri Muktsar Sahib, Punjab, India",SRC-GOI-CENSUS-2011,0.98,SRID=4326;POINT(74.7319 30.3584),official
LOC-VIL-035353,VIL-PB-035353,BLK-MUK-080,DST-MUK,30.3379,74.5811,"Seikh Village, Kot Bhai Block, Sri Muktsar Sahib, Punjab, India",SRC-GOI-CENSUS-2011,0.98,SRID=4326;POINT(74.5811 30.3379),official
LOC-VIL-035354,VIL-PB-035354,BLK-MUK-080,DST-MUK,30.3224,74.6983,"Samagh Village, Kot Bhai Block, Sri Muktsar Sahib, Punjab, India",SRC-GOI-CENSUS-2011,0.98,SRID=4326;POINT(74.6983 30.3224),official
LOC-VIL-035355,VIL-PB-035355,BLK-MUK-080,DST-MUK,30.2955,74.6566,"Manianwala Village, Kot Bhai Block, Sri Muktsar Sahib, Punjab, India",SRC-GOI-CENSUS-2011,0.98,SRID=4326;POINT(74.6566 30.2955),official
LOC-VIL-035356,VIL-PB-035356,BLK-MUK-080,DST-MUK,30.3137,74.613,"Sukha Ablu Village, Kot Bhai Block, Sri Muktsar Sahib, Punjab, India",SRC-GOI-CENSUS-2011,0.98,SRID=4326;POINT(74.613 30.3137),official
LOC-VIL-035357,VIL-PB-035357,BLK-MUK-080,DST-MUK,30.3872,74.6883,"Giljewala Village, Kot Bhai Block, Sri Muktsar Sahib, Punjab, India",SRC-GOI-CENSUS-2011,0.98,SRID=4326;POINT(74.6883 30.3872),official
LOC-VIL-035358,VIL-PB-035358,BLK-MUK-080,DST-MUK,30.3767,74.6484,"Doda Village, Kot Bhai Block, Sri Muktsar Sahib, Punjab, India",SRC-GOI-CENSUS-2011,0.98,SRID=4326;POINT(74.6484 30.3767),official
LOC-VIL-035359,VIL-PB-035359,BLK-MUK-080,DST-MUK,30.2706,74.6689,"Duhewala Village, Kot Bhai Block, Sri Muktsar Sahib, Punjab, India",SRC-GOI-CENSUS-2011,0.98,SRID=4326;POINT(74.6689 30.2706),official
LOC-VIL-035360,VIL-PB-035360,BLK-MUK-080,DST-MUK,30.3106,74.5853,"Chak Giljewala Village, Kot Bhai Block, Sri Muktsar Sahib, Punjab, India",SRC-GOI-CENSUS-2011,0.98,SRID=4326;POINT(74.5853 30.3106),official
LOC-VIL-035361,VIL-PB-035361,BLK-MUK-080,DST-MUK,30.3245,74.7159,"Khunan Khurd Village, Kot Bhai Block, Sri Muktsar Sahib, Punjab, India",SRC-GOI-CENSUS-2011,0.98,SRID=4326;POINT(74.7159 30.3245),official
LOC-VIL-035362,VIL-PB-035362,BLK-MUK-080,DST-MUK,30.3687,74.6341,"Landewala Village, Kot Bhai Block, Sri Muktsar Sahib, Punjab, India",SRC-GOI-CENSUS-2011,0.98,SRID=4326;POINT(74.6341 30.3687),official
LOC-VIL-035364,VIL-PB-035364,BLK-MUK-080,DST-MUK,30.3837,74.7182,"Bhundar Village, Kot Bhai Block, Sri Muktsar Sahib, Punjab, India",SRC-GOI-CENSUS-2011,0.98,SRID=4326;POINT(74.7182 30.3837),official
LOC-VIL-035365,VIL-PB-035365,BLK-MUK-080,DST-MUK,30.3418,74.6203,"Sotha Village, Kot Bhai Block, Sri Muktsar Sahib, Punjab, India",SRC-GOI-CENSUS-2011,0.98,SRID=4326;POINT(74.6203 30.3418),official
LOC-VIL-035227,VIL-PB-035227,BLK-MUK-081,DST-MUK,30.0674,74.6805,"Kandu Khera Village, Lambi Block, Sri Muktsar Sahib, Punjab, India",SRC-GOI-CENSUS-2011,0.98,SRID=4326;POINT(74.6805 30.0674),official
LOC-VIL-035228,VIL-PB-035228,BLK-MUK-081,DST-MUK,30.0721,74.583,"Bhittiwala Village, Lambi Block, Sri Muktsar Sahib, Punjab, India",SRC-GOI-CENSUS-2011,0.98,SRID=4326;POINT(74.583 30.0721),official
LOC-VIL-035229,VIL-PB-035229,BLK-MUK-081,DST-MUK,30.0614,74.5749,"Tarmala Village, Lambi Block, Sri Muktsar Sahib, Punjab, India",SRC-GOI-CENSUS-2011,0.98,SRID=4326;POINT(74.5749 30.0614),official
LOC-VIL-035230,VIL-PB-035230,BLK-MUK-081,DST-MUK,30.0846,74.5025,"Roranwali Village, Lambi Block, Sri Muktsar Sahib, Punjab, India",SRC-GOI-CENSUS-2011,0.98,SRID=4326;POINT(74.5025 30.0846),official
LOC-VIL-035231,VIL-PB-035231,BLK-MUK-081,DST-MUK,30.1024,74.6028,"Fatuhi Khera Village, Lambi Block, Sri Muktsar Sahib, Punjab, India",SRC-GOI-CENSUS-2011,0.98,SRID=4326;POINT(74.6028 30.1024),official
LOC-VIL-035232,VIL-PB-035232,BLK-MUK-081,DST-MUK,30.0584,74.5032,"Kutianwali Village, Lambi Block, Sri Muktsar Sahib, Punjab, India",SRC-GOI-CENSUS-2011,0.98,SRID=4326;POINT(74.5032 30.0584),official
LOC-VIL-035233,VIL-PB-035233,BLK-MUK-081,DST-MUK,30.1211,74.5077,"Khema Khera Village, Lambi Block, Sri Muktsar Sahib, Punjab, India",SRC-GOI-CENSUS-2011,0.98,SRID=4326;POINT(74.5077 30.1211),official
LOC-VIL-035234,VIL-PB-035234,BLK-MUK-081,DST-MUK,30.0009,74.573,"Phulu Khera Village, Lambi Block, Sri Muktsar Sahib, Punjab, India",SRC-GOI-CENSUS-2011,0.98,SRID=4326;POINT(74.573 30.0009),official
LOC-VIL-035235,VIL-PB-035235,BLK-MUK-081,DST-MUK,30.0335,74.6407,"Arniwala Waziran Village, Lambi Block, Sri Muktsar Sahib, Punjab, India",SRC-GOI-CENSUS-2011,0.98,SRID=4326;POINT(74.6407 30.0335),official
LOC-VIL-035236,VIL-PB-035236,BLK-MUK-081,DST-MUK,30.009,74.5225,"kanganpura Village, Lambi Block, Sri Muktsar Sahib, Punjab, India",SRC-GOI-CENSUS-2011,0.98,SRID=4326;POINT(74.5225 30.009),official
LOC-VIL-035237,VIL-PB-035237,BLK-MUK-081,DST-MUK,30.0813,74.6937,"Mehmud Khera Village, Lambi Block, Sri Muktsar Sahib, Punjab, India",SRC-GOI-CENSUS-2011,0.98,SRID=4326;POINT(74.6937 30.0813),official
LOC-VIL-035238,VIL-PB-035238,BLK-MUK-081,DST-MUK,30.0533,74.5575,"Farid Khera Village, Lambi Block, Sri Muktsar Sahib, Punjab, India",SRC-GOI-CENSUS-2011,0.98,SRID=4326;POINT(74.5575 30.0533),official
LOC-VIL-035239,VIL-PB-035239,BLK-MUK-081,DST-MUK,30.0602,74.634,"Mahni Khera Village, Lambi Block, Sri Muktsar Sahib, Punjab, India",SRC-GOI-CENSUS-2011,0.98,SRID=4326;POINT(74.634 30.0602),official
LOC-VIL-035285,VIL-PB-035285,BLK-MUK-081,DST-MUK,30.0399,74.5929,"Dabwali Pahurianwali Village, Lambi Block, Sri Muktsar Sahib, Punjab, India",SRC-GOI-CENSUS-2011,0.98,SRID=4326;POINT(74.5929 30.0399),official
LOC-VIL-035286,VIL-PB-035286,BLK-MUK-081,DST-MUK,30.1333,74.6422,"Abul Khurana Village, Lambi Block, Sri Muktsar Sahib, Punjab, India",SRC-GOI-CENSUS-2011,0.98,SRID=4326;POINT(74.6422 30.1333),official
LOC-VIL-035287,VIL-PB-035287,BLK-MUK-081,DST-MUK,30.0822,74.5581,"Mahuana Village, Lambi Block, Sri Muktsar Sahib, Punjab, India",SRC-GOI-CENSUS-2011,0.98,SRID=4326;POINT(74.5581 30.0822),official
LOC-VIL-035288,VIL-PB-035288,BLK-MUK-081,DST-MUK,30.1528,74.6187,"Tapa Khera Village, Lambi Block, Sri Muktsar Sahib, Punjab, India",SRC-GOI-CENSUS-2011,0.98,SRID=4326;POINT(74.6187 30.1528),official
LOC-VIL-035289,VIL-PB-035289,BLK-MUK-081,DST-MUK,30.1392,74.551,"Deon Khera Village, Lambi Block, Sri Muktsar Sahib, Punjab, India",SRC-GOI-CENSUS-2011,0.98,SRID=4326;POINT(74.551 30.1392),official
LOC-VIL-035290,VIL-PB-035290,BLK-MUK-081,DST-MUK,30.1544,74.5713,"Fatehpur Manianwala Village, Lambi Block, Sri Muktsar Sahib, Punjab, India",SRC-GOI-CENSUS-2011,0.98,SRID=4326;POINT(74.5713 30.1544),official
LOC-VIL-035291,VIL-PB-035291,BLK-MUK-081,DST-MUK,30.1462,74.5279,"Sehna Khera Village, Lambi Block, Sri Muktsar Sahib, Punjab, India",SRC-GOI-CENSUS-2011,0.98,SRID=4326;POINT(74.5279 30.1462),official
LOC-VIL-035292,VIL-PB-035292,BLK-MUK-081,DST-MUK,30.0458,74.6476,"Adhania Village, Lambi Block, Sri Muktsar Sahib, Punjab, India",SRC-GOI-CENSUS-2011,0.98,SRID=4326;POINT(74.6476 30.0458),official
LOC-VIL-035293,VIL-PB-035293,BLK-MUK-081,DST-MUK,30.0681,74.5609,"Khudian Gulab Singh Village, Lambi Block, Sri Muktsar Sahib, Punjab, India",SRC-GOI-CENSUS-2011,0.98,SRID=4326;POINT(74.5609 30.0681),official
LOC-VIL-035294,VIL-PB-035294,BLK-MUK-081,DST-MUK,30.0585,74.5482,"Khudian Mohan Singh Village, Lambi Block, Sri Muktsar Sahib, Punjab, India",SRC-GOI-CENSUS-2011,0.98,SRID=4326;POINT(74.5482 30.0585),official
LOC-VIL-035295,VIL-PB-035295,BLK-MUK-081,DST-MUK,30.0367,74.5447,"Sikhwala Village, Lambi Block, Sri Muktsar Sahib, Punjab, India",SRC-GOI-CENSUS-2011,0.98,SRID=4326;POINT(74.5447 30.0367),official
LOC-VIL-035296,VIL-PB-035296,BLK-MUK-081,DST-MUK,30.1361,74.5318,"Punjawa Village, Lambi Block, Sri Muktsar Sahib, Punjab, India",SRC-GOI-CENSUS-2011,0.98,SRID=4326;POINT(74.5318 30.1361),official
LOC-VIL-035297,VIL-PB-035297,BLK-MUK-081,DST-MUK,30.1152,74.5455,"Kakhanwali Village, Lambi Block, Sri Muktsar Sahib, Punjab, India",SRC-GOI-CENSUS-2011,0.98,SRID=4326;POINT(74.5455 30.1152),official
LOC-VIL-035298,VIL-PB-035298,BLK-MUK-081,DST-MUK,30.1572,74.6756,"Hakuwala Village, Lambi Block, Sri Muktsar Sahib, Punjab, India",SRC-GOI-CENSUS-2011,0.98,SRID=4326;POINT(74.6756 30.1572),official
LOC-VIL-035299,VIL-PB-035299,BLK-MUK-081,DST-MUK,30.0241,74.6633,"Bhullarwala Village, Lambi Block, Sri Muktsar Sahib, Punjab, India",SRC-GOI-CENSUS-2011,0.98,SRID=4326;POINT(74.6633 30.0241),official
LOC-VIL-035300,VIL-PB-035300,BLK-MUK-081,DST-MUK,30.1067,74.667,"Fatta Khera Village, Lambi Block, Sri Muktsar Sahib, Punjab, India",SRC-GOI-CENSUS-2011,0.98,SRID=4326;POINT(74.667 30.1067),official
LOC-VIL-035301,VIL-PB-035301,BLK-MUK-081,DST-MUK,30.0558,74.6728,"Middu Khera Village, Lambi Block, Sri Muktsar Sahib, Punjab, India",SRC-GOI-CENSUS-2011,0.98,SRID=4326;POINT(74.6728 30.0558),official
LOC-VIL-035302,VIL-PB-035302,BLK-MUK-081,DST-MUK,30.0207,74.6486,"Banwala Anu Village, Lambi Block, Sri Muktsar Sahib, Punjab, India",SRC-GOI-CENSUS-2011,0.98,SRID=4326;POINT(74.6486 30.0207),official
LOC-VIL-035303,VIL-PB-035303,BLK-MUK-081,DST-MUK,30.0392,74.5824,"Ghumarwala Village, Lambi Block, Sri Muktsar Sahib, Punjab, India",SRC-GOI-CENSUS-2011,0.98,SRID=4326;POINT(74.5824 30.0392),official
LOC-VIL-035304,VIL-PB-035304,BLK-MUK-081,DST-MUK,30.0805,74.5911,"Waring Khera Village, Lambi Block, Sri Muktsar Sahib, Punjab, India",SRC-GOI-CENSUS-2011,0.98,SRID=4326;POINT(74.5911 30.0805),official
LOC-VIL-035305,VIL-PB-035305,BLK-MUK-081,DST-MUK,30.1395,74.5344,"Lohara Village, Lambi Block, Sri Muktsar Sahib, Punjab, India",SRC-GOI-CENSUS-2011,0.98,SRID=4326;POINT(74.5344 30.1395),official
LOC-VIL-035306,VIL-PB-035306,BLK-MUK-081,DST-MUK,30.0615,74.6792,"Killianwali Village, Lambi Block, Sri Muktsar Sahib, Punjab, India",SRC-GOI-CENSUS-2011,0.98,SRID=4326;POINT(74.6792 30.0615),official
LOC-VIL-035307,VIL-PB-035307,BLK-MUK-081,DST-MUK,30.1016,74.6261,"Fatuhiwala Village, Lambi Block, Sri Muktsar Sahib, Punjab, India",SRC-GOI-CENSUS-2011,0.98,SRID=4326;POINT(74.6261 30.1016),official
LOC-VIL-035308,VIL-PB-035308,BLK-MUK-081,DST-MUK,30.1185,74.6633,"Singhewala Village, Lambi Block, Sri Muktsar Sahib, Punjab, India",SRC-GOI-CENSUS-2011,0.98,SRID=4326;POINT(74.6633 30.1185),official
LOC-VIL-035309,VIL-PB-035309,BLK-MUK-081,DST-MUK,30.1001,74.5414,"Mehna Village, Lambi Block, Sri Muktsar Sahib, Punjab, India",SRC-GOI-CENSUS-2011,0.98,SRID=4326;POINT(74.5414 30.1001),official
LOC-VIL-035310,VIL-PB-035310,BLK-MUK-081,DST-MUK,30.0897,74.5317,"Mithri Budhgir Village, Lambi Block, Sri Muktsar Sahib, Punjab, India",SRC-GOI-CENSUS-2011,0.98,SRID=4326;POINT(74.5317 30.0897),official
LOC-VIL-035311,VIL-PB-035311,BLK-MUK-081,DST-MUK,30.1535,74.5048,"Gaggar Village, Lambi Block, Sri Muktsar Sahib, Punjab, India",SRC-GOI-CENSUS-2011,0.98,SRID=4326;POINT(74.5048 30.1535),official
LOC-VIL-035312,VIL-PB-035312,BLK-MUK-081,DST-MUK,30.0025,74.6792,"Badal Village, Lambi Block, Sri Muktsar Sahib, Punjab, India",SRC-GOI-CENSUS-2011,0.98,SRID=4326;POINT(74.6792 30.0025),official
LOC-VIL-035313,VIL-PB-035313,BLK-MUK-081,DST-MUK,30.0423,74.6341,"Bhagu Village, Lambi Block, Sri Muktsar Sahib, Punjab, India",SRC-GOI-CENSUS-2011,0.98,SRID=4326;POINT(74.6341 30.0423),official
LOC-VIL-035314,VIL-PB-035314,BLK-MUK-081,DST-MUK,30.0862,74.6811,"Kheowali Village, Lambi Block, Sri Muktsar Sahib, Punjab, India",SRC-GOI-CENSUS-2011,0.98,SRID=4326;POINT(74.6811 30.0862),official
LOC-VIL-035315,VIL-PB-035315,BLK-MUK-081,DST-MUK,30.1233,74.6972,"Lambi Village, Lambi Block, Sri Muktsar Sahib, Punjab, India",SRC-GOI-CENSUS-2011,0.98,SRID=4326;POINT(74.6972 30.1233),official
LOC-VIL-035316,VIL-PB-035316,BLK-MUK-081,DST-MUK,30.0741,74.6026,"Maan Village, Lambi Block, Sri Muktsar Sahib, Punjab, India",SRC-GOI-CENSUS-2011,0.98,SRID=4326;POINT(74.6026 30.0741),official
LOC-VIL-035317,VIL-PB-035317,BLK-MUK-081,DST-MUK,30.1057,74.6391,"Channu Village, Lambi Block, Sri Muktsar Sahib, Punjab, India",SRC-GOI-CENSUS-2011,0.98,SRID=4326;POINT(74.6391 30.1057),official
LOC-VIL-035318,VIL-PB-035318,BLK-MUK-081,DST-MUK,30.1068,74.5792,"Bidowali Village, Lambi Block, Sri Muktsar Sahib, Punjab, India",SRC-GOI-CENSUS-2011,0.98,SRID=4326;POINT(74.5792 30.1068),official
LOC-VIL-035319,VIL-PB-035319,BLK-MUK-081,DST-MUK,30.1171,74.5156,"Lal Bai Village, Lambi Block, Sri Muktsar Sahib, Punjab, India",SRC-GOI-CENSUS-2011,0.98,SRID=4326;POINT(74.5156 30.1171),official
LOC-VIL-035320,VIL-PB-035320,BLK-MUK-081,DST-MUK,30.0394,74.6887,"Dhaula Village, Lambi Block, Sri Muktsar Sahib, Punjab, India",SRC-GOI-CENSUS-2011,0.98,SRID=4326;POINT(74.6887 30.0394),official
LOC-VIL-035240,VIL-PB-035240,BLK-MUK-082,DST-MUK,30.1436,74.521,"Shamkot Village, Malout Block, Sri Muktsar Sahib, Punjab, India",SRC-GOI-CENSUS-2011,0.98,SRID=4326;POINT(74.521 30.1436),official
LOC-VIL-035241,VIL-PB-035241,BLK-MUK-082,DST-MUK,30.233,74.5738,"Kolianwali Village, Malout Block, Sri Muktsar Sahib, Punjab, India",SRC-GOI-CENSUS-2011,0.98,SRID=4326;POINT(74.5738 30.233),official
LOC-VIL-035242,VIL-PB-035242,BLK-MUK-082,DST-MUK,30.2663,74.5419,"Burj Sidhwan Village, Malout Block, Sri Muktsar Sahib, Punjab, India",SRC-GOI-CENSUS-2011,0.98,SRID=4326;POINT(74.5419 30.2663),official
LOC-VIL-035243,VIL-PB-035243,BLK-MUK-082,DST-MUK,30.1932,74.5495,"Dabwali Dhab Village, Malout Block, Sri Muktsar Sahib, Punjab, India",SRC-GOI-CENSUS-2011,0.98,SRID=4326;POINT(74.5495 30.1932),official
LOC-VIL-035244,VIL-PB-035244,BLK-MUK-082,DST-MUK,30.2504,74.471,"Gurusar Jodha Village, Malout Block, Sri Muktsar Sahib, Punjab, India",SRC-GOI-CENSUS-2011,0.98,SRID=4326;POINT(74.471 30.2504),official
LOC-VIL-035245,VIL-PB-035245,BLK-MUK-082,DST-MUK,30.1414,74.4855,"Pakki Tibbi Village, Malout Block, Sri Muktsar Sahib, Punjab, India",SRC-GOI-CENSUS-2011,0.98,SRID=4326;POINT(74.4855 30.1414),official
LOC-VIL-035246,VIL-PB-035246,BLK-MUK-082,DST-MUK,30.1798,74.5231,"Katianwali Village, Malout Block, Sri Muktsar Sahib, Punjab, India",SRC-GOI-CENSUS-2011,0.98,SRID=4326;POINT(74.5231 30.1798),official
LOC-VIL-035247,VIL-PB-035247,BLK-MUK-082,DST-MUK,30.1535,74.4361,"Kabarwala Village, Malout Block, Sri Muktsar Sahib, Punjab, India",SRC-GOI-CENSUS-2011,0.98,SRID=4326;POINT(74.4361 30.1535),official
LOC-VIL-035248,VIL-PB-035248,BLK-MUK-082,DST-MUK,30.1774,74.5109,"Karamgarh Village, Malout Block, Sri Muktsar Sahib, Punjab, India",SRC-GOI-CENSUS-2011,0.98,SRID=4326;POINT(74.5109 30.1774),official
LOC-VIL-035249,VIL-PB-035249,BLK-MUK-082,DST-MUK,30.1216,74.5509,"Bhagwanpura Village, Malout Block, Sri Muktsar Sahib, Punjab, India",SRC-GOI-CENSUS-2011,0.98,SRID=4326;POINT(74.5509 30.1216),official
LOC-VIL-035250,VIL-PB-035250,BLK-MUK-082,DST-MUK,30.2152,74.4837,"Sarawan Bodla Village, Malout Block, Sri Muktsar Sahib, Punjab, India",SRC-GOI-CENSUS-2011,0.98,SRID=4326;POINT(74.4837 30.2152),official
LOC-VIL-035251,VIL-PB-035251,BLK-MUK-082,DST-MUK,30.2577,74.4486,"Aspal Village, Malout Block, Sri Muktsar Sahib, Punjab, India",SRC-GOI-CENSUS-2011,0.98,SRID=4326;POINT(74.4486 30.2577),official
LOC-VIL-035252,VIL-PB-035252,BLK-MUK-082,DST-MUK,30.1886,74.4976,"Alamwala Village, Malout Block, Sri Muktsar Sahib, Punjab, India",SRC-GOI-CENSUS-2011,0.98,SRID=4326;POINT(74.4976 30.1886),official
LOC-VIL-035253,VIL-PB-035253,BLK-MUK-082,DST-MUK,30.1993,74.4103,"Ratta Khera Village, Malout Block, Sri Muktsar Sahib, Punjab, India",SRC-GOI-CENSUS-2011,0.98,SRID=4326;POINT(74.4103 30.1993),official
LOC-VIL-035254,VIL-PB-035254,BLK-MUK-082,DST-MUK,30.1781,74.5367,"Bodiwala Kharak Singh Village, Malout Block, Sri Muktsar Sahib, Punjab, India",SRC-GOI-CENSUS-2011,0.98,SRID=4326;POINT(74.5367 30.1781),official
LOC-VIL-035255,VIL-PB-035255,BLK-MUK-082,DST-MUK,30.1774,74.437,"Raniwala Village, Malout Block, Sri Muktsar Sahib, Punjab, India",SRC-GOI-CENSUS-2011,0.98,SRID=4326;POINT(74.437 30.1774),official
LOC-VIL-035256,VIL-PB-035256,BLK-MUK-082,DST-MUK,30.1478,74.525,"Patti  Karam Village, Malout Block, Sri Muktsar Sahib, Punjab, India",SRC-GOI-CENSUS-2011,0.98,SRID=4326;POINT(74.525 30.1478),official
LOC-VIL-035257,VIL-PB-035257,BLK-MUK-082,DST-MUK,30.135,74.4976,"Ratta Tibba Village, Malout Block, Sri Muktsar Sahib, Punjab, India",SRC-GOI-CENSUS-2011,0.98,SRID=4326;POINT(74.4976 30.135),official
LOC-VIL-035258,VIL-PB-035258,BLK-MUK-082,DST-MUK,30.2422,74.4809,"Mohlan Village, Malout Block, Sri Muktsar Sahib, Punjab, India",SRC-GOI-CENSUS-2011,0.98,SRID=4326;POINT(74.4809 30.2422),official
LOC-VIL-035259,VIL-PB-035259,BLK-MUK-082,DST-MUK,30.1216,74.559,"Midda Village, Malout Block, Sri Muktsar Sahib, Punjab, India",SRC-GOI-CENSUS-2011,0.98,SRID=4326;POINT(74.559 30.1216),official
LOC-VIL-035260,VIL-PB-035260,BLK-MUK-082,DST-MUK,30.1264,74.4835,"Paniwala Fatta Village, Malout Block, Sri Muktsar Sahib, Punjab, India",SRC-GOI-CENSUS-2011,0.98,SRID=4326;POINT(74.4835 30.1264),official
LOC-VIL-035261,VIL-PB-035261,BLK-MUK-082,DST-MUK,30.1457,74.4171,"Urang Village, Malout Block, Sri Muktsar Sahib, Punjab, India",SRC-GOI-CENSUS-2011,0.98,SRID=4326;POINT(74.4171 30.1457),official
LOC-VIL-035262,VIL-PB-035262,BLK-MUK-082,DST-MUK,30.1928,74.4255,"Bham Village, Malout Block, Sri Muktsar Sahib, Punjab, India",SRC-GOI-CENSUS-2011,0.98,SRID=4326;POINT(74.4255 30.1928),official
LOC-VIL-035263,VIL-PB-035263,BLK-MUK-082,DST-MUK,30.1683,74.5086,"Khunan Kalan Village, Malout Block, Sri Muktsar Sahib, Punjab, India",SRC-GOI-CENSUS-2011,0.98,SRID=4326;POINT(74.5086 30.1683),official
LOC-VIL-035264,VIL-PB-035264,BLK-MUK-082,DST-MUK,30.1888,74.5494,"Lakkarwala Village, Malout Block, Sri Muktsar Sahib, Punjab, India",SRC-GOI-CENSUS-2011,0.98,SRID=4326;POINT(74.5494 30.1888),official
LOC-VIL-035265,VIL-PB-035265,BLK-MUK-082,DST-MUK,30.1559,74.5362,"Tarkhanwala Village, Malout Block, Sri Muktsar Sahib, Punjab, India",SRC-GOI-CENSUS-2011,0.98,SRID=4326;POINT(74.5362 30.1559),official
LOC-VIL-035266,VIL-PB-035266,BLK-MUK-082,DST-MUK,30.2068,74.4685,"Shergarh Gian Singh Village, Malout Block, Sri Muktsar Sahib, Punjab, India",SRC-GOI-CENSUS-2011,0.98,SRID=4326;POINT(74.4685 30.2068),official
LOC-VIL-035267,VIL-PB-035267,BLK-MUK-082,DST-MUK,30.2038,74.4086,"Bhalerian Village, Malout Block, Sri Muktsar Sahib, Punjab, India",SRC-GOI-CENSUS-2011,0.98,SRID=4326;POINT(74.4086 30.2038),official
LOC-VIL-035268,VIL-PB-035268,BLK-MUK-082,DST-MUK,30.1977,74.5335,"Khane Ki Dhab Village, Malout Block, Sri Muktsar Sahib, Punjab, India",SRC-GOI-CENSUS-2011,0.98,SRID=4326;POINT(74.5335 30.1977),official
LOC-VIL-035269,VIL-PB-035269,BLK-MUK-082,DST-MUK,30.162,74.518,"Sanoke Village, Malout Block, Sri Muktsar Sahib, Punjab, India",SRC-GOI-CENSUS-2011,0.98,SRID=4326;POINT(74.518 30.162),official
LOC-VIL-035270,VIL-PB-035270,BLK-MUK-082,DST-MUK,30.245,74.443,"Ramnagar Khazan Singh Village, Malout Block, Sri Muktsar Sahib, Punjab, India",SRC-GOI-CENSUS-2011,0.98,SRID=4326;POINT(74.443 30.245),official
LOC-VIL-035271,VIL-PB-035271,BLK-MUK-082,DST-MUK,30.2649,74.4985,"Jhorar Village, Malout Block, Sri Muktsar Sahib, Punjab, India",SRC-GOI-CENSUS-2011,0.98,SRID=4326;POINT(74.4985 30.2649),official
LOC-VIL-035272,VIL-PB-035272,BLK-MUK-082,DST-MUK,30.1418,74.5081,"Aulakh Village, Malout Block, Sri Muktsar Sahib, Punjab, India",SRC-GOI-CENSUS-2011,0.98,SRID=4326;POINT(74.5081 30.1418),official
LOC-VIL-035273,VIL-PB-035273,BLK-MUK-082,DST-MUK,30.1481,74.4503,"Enakhera Village, Malout Block, Sri Muktsar Sahib, Punjab, India",SRC-GOI-CENSUS-2011,0.98,SRID=4326;POINT(74.4503 30.1481),official
LOC-VIL-035274,VIL-PB-035274,BLK-MUK-082,DST-MUK,30.1834,74.4756,"Virk Khera Village, Malout Block, Sri Muktsar Sahib, Punjab, India",SRC-GOI-CENSUS-2011,0.98,SRID=4326;POINT(74.4756 30.1834),official
LOC-VIL-035275,VIL-PB-035275,BLK-MUK-082,DST-MUK,30.2068,74.5016,"Malout (Rural) Village, Malout Block, Sri Muktsar Sahib, Punjab, India",SRC-GOI-CENSUS-2011,0.98,SRID=4326;POINT(74.5016 30.2068),official
LOC-VIL-035276,VIL-PB-035276,BLK-MUK-082,DST-MUK,30.1494,74.5684,"Katorewala Village, Malout Block, Sri Muktsar Sahib, Punjab, India",SRC-GOI-CENSUS-2011,0.98,SRID=4326;POINT(74.5684 30.1494),official
LOC-VIL-035277,VIL-PB-035277,BLK-MUK-082,DST-MUK,30.2446,74.4924,"Malwala Village, Malout Block, Sri Muktsar Sahib, Punjab, India",SRC-GOI-CENSUS-2011,0.98,SRID=4326;POINT(74.4924 30.2446),official
LOC-VIL-035278,VIL-PB-035278,BLK-MUK-082,DST-MUK,30.1884,74.5703,"Jandwala Charat Singh Village, Malout Block, Sri Muktsar Sahib, Punjab, India",SRC-GOI-CENSUS-2011,0.98,SRID=4326;POINT(74.5703 30.1884),official
LOC-VIL-035279,VIL-PB-035279,BLK-MUK-082,DST-MUK,30.256,74.5307,"Sheikhu Village, Malout Block, Sri Muktsar Sahib, Punjab, India",SRC-GOI-CENSUS-2011,0.98,SRID=4326;POINT(74.5307 30.256),official
LOC-VIL-035280,VIL-PB-035280,BLK-MUK-082,DST-MUK,30.2643,74.5531,"Danewala Village, Malout Block, Sri Muktsar Sahib, Punjab, India",SRC-GOI-CENSUS-2011,0.98,SRID=4326;POINT(74.5531 30.2643),official
LOC-VIL-035281,VIL-PB-035281,BLK-MUK-082,DST-MUK,30.1741,74.497,"Ghumar Khera Village, Malout Block, Sri Muktsar Sahib, Punjab, India",SRC-GOI-CENSUS-2011,0.98,SRID=4326;POINT(74.497 30.1741),official
LOC-VIL-035282,VIL-PB-035282,BLK-MUK-082,DST-MUK,30.1537,74.4916,"Kingra Village, Malout Block, Sri Muktsar Sahib, Punjab, India",SRC-GOI-CENSUS-2011,0.98,SRID=4326;POINT(74.4916 30.1537),official
LOC-VIL-035283,VIL-PB-035283,BLK-MUK-082,DST-MUK,30.2489,74.4105,"Rathrian (158)0 Village, Malout Block, Sri Muktsar Sahib, Punjab, India",SRC-GOI-CENSUS-2011,0.98,SRID=4326;POINT(74.4105 30.2489),official
LOC-VIL-035284,VIL-PB-035284,BLK-MUK-082,DST-MUK,30.2023,74.5179,"Chhapianwali Village, Malout Block, Sri Muktsar Sahib, Punjab, India",SRC-GOI-CENSUS-2011,0.98,SRID=4326;POINT(74.5179 30.2023),official
LOC-VIL-035363,VIL-PB-035363,BLK-MUK-082,DST-MUK,30.1839,74.4013,"Karniwala Village, Malout Block, Sri Muktsar Sahib, Punjab, India",SRC-GOI-CENSUS-2011,0.98,SRID=4326;POINT(74.4013 30.1839),official
LOC-VIL-035368,VIL-PB-035368,BLK-MUK-082,DST-MUK,30.2574,74.4132,"Mehrajwala Village, Malout Block, Sri Muktsar Sahib, Punjab, India",SRC-GOI-CENSUS-2011,0.98,SRID=4326;POINT(74.4132 30.2574),official
LOC-VIL-035369,VIL-PB-035369,BLK-MUK-082,DST-MUK,30.1456,74.4207,"Phulewala Village, Malout Block, Sri Muktsar Sahib, Punjab, India",SRC-GOI-CENSUS-2011,0.98,SRID=4326;POINT(74.4207 30.1456),official
LOC-VIL-035370,VIL-PB-035370,BLK-MUK-082,DST-MUK,30.2633,74.4831,"Tamkot Village, Malout Block, Sri Muktsar Sahib, Punjab, India",SRC-GOI-CENSUS-2011,0.98,SRID=4326;POINT(74.4831 30.2633),official
LOC-VIL-035372,VIL-PB-035372,BLK-MUK-082,DST-MUK,30.268,74.4476,"Lakhmireana Village, Malout Block, Sri Muktsar Sahib, Punjab, India",SRC-GOI-CENSUS-2011,0.98,SRID=4326;POINT(74.4476 30.268),official
LOC-VIL-035374,VIL-PB-035374,BLK-MUK-082,DST-MUK,30.1981,74.5016,"Dabra Village, Malout Block, Sri Muktsar Sahib, Punjab, India",SRC-GOI-CENSUS-2011,0.98,SRID=4326;POINT(74.5016 30.1981),official
LOC-VIL-035375,VIL-PB-035375,BLK-MUK-082,DST-MUK,30.1731,74.4626,"Bhangchari Village, Malout Block, Sri Muktsar Sahib, Punjab, India",SRC-GOI-CENSUS-2011,0.98,SRID=4326;POINT(74.4626 30.1731),official
LOC-VIL-033886,VIL-PB-033886,BLK-LDH-JAG,DST-LDH,30.7725,75.4712,"Agwar Lopon Kalan Village Center, Jagraon Tehsil, Ludhiana, Punjab",SRC-GOI-CENSUS-2011,0.98,SRID=4326;POINT(75.4712 30.7725),official
LOC-VIL-033756,VIL-PB-033756,BLK-LDH-JAG,DST-LDH,30.745,75.395,"Hathur Village, Jagraon Tehsil, Ludhiana, Punjab",SRC-GOI-CENSUS-2011,0.98,SRID=4326;POINT(75.395 30.745),official
LOC-VIL-033758,VIL-PB-033758,BLK-LDH-JAG,DST-LDH,30.752,75.412,"Chakkar Village, Jagraon Tehsil, Ludhiana, Punjab",SRC-GOI-CENSUS-2011,0.98,SRID=4326;POINT(75.412 30.752),official
LOC-VIL-033760,VIL-PB-033760,BLK-LDH-JAG,DST-LDH,30.738,75.428,"Manuke Village, Jagraon Tehsil, Ludhiana, Punjab",SRC-GOI-CENSUS-2011,0.98,SRID=4326;POINT(75.428 30.738),official
LOC-VIL-033278,VIL-PB-033278,BLK-LDH-PAY,DST-LDH,30.6882,76.2145,"Daulatpur Village, Near GT Road, Payal/Khanna, Ludhiana, Punjab",SRC-GOI-CENSUS-2011,0.98,SRID=4326;POINT(76.2145 30.6882),official
LOC-VIL-033210,VIL-PB-033210,BLK-LDH-KHA,DST-LDH,30.724,76.155,"Bija Village, Khanna Tehsil, Ludhiana, Punjab",SRC-GOI-CENSUS-2011,0.98,SRID=4326;POINT(76.155 30.724),official
LOC-VIL-033181,VIL-PB-033181,BLK-LDH-KHA,DST-LDH,30.715,76.185,"Harion Kalan Village, Khanna Tehsil, Ludhiana, Punjab",SRC-GOI-CENSUS-2011,0.98,SRID=4326;POINT(76.185 30.715),official
LOC-VIL-033540,VIL-PB-033540,BLK-LDH-DEH,DST-LDH,30.751,75.871,"Dehlon Chowk & Village, Ludhiana-Malerkotla Road, Punjab",SRC-GOI-CENSUS-2011,0.98,SRID=4326;POINT(75.871 30.751),official
LOC-VIL-033735,VIL-PB-033735,BLK-LDH-RAI,DST-LDH,30.6385,75.612,"Jalaldiwal Village, Raikot Block, Ludhiana, Punjab",SRC-GOI-CENSUS-2011,0.98,SRID=4326;POINT(75.612 30.6385),official
LOC-VIL-033675,VIL-PB-033675,BLK-LDH-LDH1,DST-LDH,30.825,75.85,"Gill Village / Peri-urban Node, Ludhiana West, Punjab",SRC-GOI-CENSUS-2011,0.98,SRID=4326;POINT(75.85 30.825),official
LOC-VIL-033105,VIL-PB-033105,BLK-LDH-SAM,DST-LDH,30.765,76.125,"Harion Khurd Village, Samrala Tehsil, Ludhiana, Punjab",SRC-GOI-CENSUS-2011,0.98,SRID=4326;POINT(76.125 30.765),official
LOC-VIL-033004,VIL-PB-033004,BLK-LDH-SAM,DST-LDH,30.835,76.165,"Daulatpur Village, Samrala Tehsil, Ludhiana, Punjab",SRC-GOI-CENSUS-2011,0.98,SRID=4326;POINT(76.165 30.835),official
LOC-VIL-031201,VIL-PB-031201,BLK-ASR-MAJ,DST-ASR,31.761,74.952,"Sohian Village, Majitha Block, Amritsar, Punjab",SRC-GOI-CENSUS-2011,0.98,SRID=4326;POINT(74.952 31.761),official
LOC-VIL-032450,VIL-PB-032450,BLK-JAL-NAK,DST-JAL,31.135,75.485,"Uggi Village, Nakodar Block, Jalandhar, Punjab",SRC-GOI-CENSUS-2011,0.98,SRID=4326;POINT(75.485 31.135),official
LOC-VIL-034890,VIL-PB-034890,BLK-BTI-TAL,DST-BTI,29.982,75.092,"Kansal Village, Talwandi Sabo Block, Bathinda, Punjab",SRC-GOI-CENSUS-2011,0.98,SRID=4326;POINT(75.092 29.982),official
LOC-VIL-030510,VIL-PB-030510,BLK-HSH-DAS,DST-HSH,31.815,75.661,"Garna Sahib Village, Dasua Block, Hoshiarpur, Punjab",SRC-GOI-CENSUS-2011,0.98,SRID=4326;POINT(75.661 31.815),official
LOC-MKT-KHANNA,VIL-PB-033278,BLK-LDH-PAY,DST-LDH,30.7065,76.2205,"Asia's Largest Grain Market (Dana Mandi), Khanna, Ludhiana, Punjab",SRC-PB-MANDI-AGMARK,0.98,SRID=4326;POINT(76.2205 30.7065),official
LOC-MKT-JAGRAON,VIL-PB-033886,BLK-LDH-JAG,DST-LDH,30.785,75.48,"New Grain Market & Cattle Fair Ground, Jagraon, Ludhiana, Punjab",SRC-PB-MANDI-AGMARK,0.98,SRID=4326;POINT(75.4800 30.7850),official
LOC-MKT-LDH-MAIN,VIL-PB-033675,BLK-LDH-LDH1,DST-LDH,30.932,75.839,"Dana Mandi, Bahadurke / Salem Tabri, Ludhiana, Punjab",SRC-PB-MANDI-AGMARK,0.98,SRID=4326;POINT(75.8390 30.9320),official
LOC-MKT-DEHLON-HAAT,VIL-PB-033540,BLK-LDH-DEH,DST-LDH,30.751,75.871,"Dehlon Rural Weekly Haat & Village Market, Ludhiana-Malerkotla Road, Punjab",SRC-OSM-PUNJAB-POI,0.95,SRID=4326;POINT(75.8710 30.7510),verified
LOC-MKT-MUKTSAR,VIL-PB-035366,BLK-MUK-079,DST-MUK,30.478,74.521,"Sri Muktsar Sahib Principal APMC Mandi, Sri Muktsar Sahib, Punjab",SRC-PB-MANDI-AGMARK,0.98,SRID=4326;POINT(74.5210 30.4780),official
LOC-MKT-MALOUT,VIL-PB-035445,BLK-MUK-082,DST-MUK,30.198,74.502,"Malout APMC Cotton & Grain Mandi, Malout Tehsil, Sri Muktsar Sahib, Punjab",SRC-PB-MANDI-AGMARK,0.98,SRID=4326;POINT(74.5020 30.1980),official
LOC-DEMO-ENTREPRENEUR,VIL-PB-033886,BLK-LDH-JAG,DST-LDH,30.775,75.474,"Plot 14, Near Primary Cooperative Society, Agwar Lopon Kalan, Jagraon, Punjab",SRC-GRAMVEST-CURATED,0.9,SRID=4326;POINT(75.4740 30.7750),demo
