id,name,state_id,district_id,block_id,census_code,latitude,longitude,geometry,source_id,source_year,source_url,confidence,data_status
VIL-PB-035366,Dhigana,ST-PB,DST-MUK,BLK-MUK-079,35366,30.5166,74.4801,SRID=4326;POINT(74.4801 30.5166),SRC-GOI-CENSUS-2011,2011,https://censusindia.gov.in/,0.98,official
VIL-PB-035367,Chak Duhewala,ST-PB,DST-MUK,BLK-MUK-079,35367,30.526,74.4726,SRID=4326;POINT(74.4726 30.526),SRC-GOI-CENSUS-2011,2011,https://censusindia.gov.in/,0.98,official
VIL-PB-035371,Chak Tamkot,ST-PB,DST-MUK,BLK-MUK-079,35371,30.4388,74.4977,SRID=4326;POINT(74.4977 30.4388),SRC-GOI-CENSUS-2011,2011,https://censusindia.gov.in/,0.98,official
VIL-PB-035373,Khunde Halal,ST-PB,DST-MUK,BLK-MUK-079,35373,30.5435,74.5126,SRID=4326;POINT(74.5126 30.5435),SRC-GOI-CENSUS-2011,2011,https://censusindia.gov.in/,0.98,official
VIL-PB-035376,Mahan Bhaddar,ST-PB,DST-MUK,BLK-MUK-079,35376,30.5252,74.561,SRID=4326;POINT(74.561 30.5252),SRC-GOI-CENSUS-2011,2011,https://censusindia.gov.in/,0.98,official
VIL-PB-035377,Chak Mahan Bhaddar,ST-PB,DST-MUK,BLK-MUK-079,35377,30.4213,74.5772,SRID=4326;POINT(74.5772 30.4213),SRC-GOI-CENSUS-2011,2011,https://censusindia.gov.in/,0.98,official
VIL-PB-035378,Bhagsar,ST-PB,DST-MUK,BLK-MUK-079,35378,30.441,74.4722,SRID=4326;POINT(74.4722 30.441),SRC-GOI-CENSUS-2011,2011,https://censusindia.gov.in/,0.98,official
VIL-PB-035379,Chibranwali,ST-PB,DST-MUK,BLK-MUK-079,35379,30.4795,74.5207,SRID=4326;POINT(74.5207 30.4795),SRC-GOI-CENSUS-2011,2011,https://censusindia.gov.in/,0.98,official
VIL-PB-035380,Chak Chibranwali,ST-PB,DST-MUK,BLK-MUK-079,35380,30.5039,74.6131,SRID=4326;POINT(74.6131 30.5039),SRC-GOI-CENSUS-2011,2011,https://censusindia.gov.in/,0.98,official
VIL-PB-035381,Gander,ST-PB,DST-MUK,BLK-MUK-079,35381,30.5221,74.5046,SRID=4326;POINT(74.5046 30.5221),SRC-GOI-CENSUS-2011,2011,https://censusindia.gov.in/,0.98,official
VIL-PB-035382,Nandgarh,ST-PB,DST-MUK,BLK-MUK-079,35382,30.4948,74.4526,SRID=4326;POINT(74.4526 30.4948),SRC-GOI-CENSUS-2011,2011,https://censusindia.gov.in/,0.98,official
VIL-PB-035383,Samewali,ST-PB,DST-MUK,BLK-MUK-079,35383,30.5164,74.5438,SRID=4326;POINT(74.5438 30.5164),SRC-GOI-CENSUS-2011,2011,https://censusindia.gov.in/,0.98,official
VIL-PB-035384,Lakhewali,ST-PB,DST-MUK,BLK-MUK-079,35384,30.4516,74.6051,SRID=4326;POINT(74.6051 30.4516),SRC-GOI-CENSUS-2011,2011,https://censusindia.gov.in/,0.98,official
VIL-PB-035385,Madrasa,ST-PB,DST-MUK,BLK-MUK-079,35385,30.4331,74.4785,SRID=4326;POINT(74.4785 30.4331),SRC-GOI-CENSUS-2011,2011,https://censusindia.gov.in/,0.98,official
VIL-PB-035386,Chak Madrasa,ST-PB,DST-MUK,BLK-MUK-079,35386,30.436,74.5636,SRID=4326;POINT(74.5636 30.436),SRC-GOI-CENSUS-2011,2011,https://censusindia.gov.in/,0.98,official
VIL-PB-035387,Ramgarh,ST-PB,DST-MUK,BLK-MUK-079,35387,30.4691,74.525,SRID=4326;POINT(74.525 30.4691),SRC-GOI-CENSUS-2011,2011,https://censusindia.gov.in/,0.98,official
VIL-PB-035388,Akalgarh,ST-PB,DST-MUK,BLK-MUK-079,35388,30.4881,74.5008,SRID=4326;POINT(74.5008 30.4881),SRC-GOI-CENSUS-2011,2011,https://censusindia.gov.in/,0.98,official
VIL-PB-035389,Chak Badhai,ST-PB,DST-MUK,BLK-MUK-079,35389,30.4841,74.4525,SRID=4326;POINT(74.4525 30.4841),SRC-GOI-CENSUS-2011,2011,https://censusindia.gov.in/,0.98,official
VIL-PB-035390,Badhai,ST-PB,DST-MUK,BLK-MUK-079,35390,30.4068,74.6064,SRID=4326;POINT(74.6064 30.4068),SRC-GOI-CENSUS-2011,2011,https://censusindia.gov.in/,0.98,official
VIL-PB-035391,Maur,ST-PB,DST-MUK,BLK-MUK-079,35391,30.4038,74.4309,SRID=4326;POINT(74.4309 30.4038),SRC-GOI-CENSUS-2011,2011,https://censusindia.gov.in/,0.98,official
VIL-PB-035392,Ballamgarh,ST-PB,DST-MUK,BLK-MUK-079,35392,30.4986,74.4423,SRID=4326;POINT(74.4423 30.4986),SRC-GOI-CENSUS-2011,2011,https://censusindia.gov.in/,0.98,official
VIL-PB-035393,Rohurianwali,ST-PB,DST-MUK,BLK-MUK-079,35393,30.4728,74.5529,SRID=4326;POINT(74.5529 30.4728),SRC-GOI-CENSUS-2011,2011,https://censusindia.gov.in/,0.98,official
VIL-PB-035394,Goniana,ST-PB,DST-MUK,BLK-MUK-079,35394,30.5064,74.5817,SRID=4326;POINT(74.5817 30.5064),SRC-GOI-CENSUS-2011,2011,https://censusindia.gov.in/,0.98,official
VIL-PB-035395,Rupana,ST-PB,DST-MUK,BLK-MUK-079,35395,30.4113,74.5286,SRID=4326;POINT(74.5286 30.4113),SRC-GOI-CENSUS-2011,2011,https://censusindia.gov.in/,0.98,official
VIL-PB-035396,Bhullar,ST-PB,DST-MUK,BLK-MUK-079,35396,30.4319,74.4362,SRID=4326;POINT(74.4362 30.4319),SRC-GOI-CENSUS-2011,2011,https://censusindia.gov.in/,0.98,official
VIL-PB-035397,Barkandi,ST-PB,DST-MUK,BLK-MUK-079,35397,30.5031,74.4969,SRID=4326;POINT(74.4969 30.5031),SRC-GOI-CENSUS-2011,2011,https://censusindia.gov.in/,0.98,official
VIL-PB-035398,Muktsar(Rural),ST-PB,DST-MUK,BLK-MUK-079,35398,30.4139,74.4332,SRID=4326;POINT(74.4332 30.4139),SRC-GOI-CENSUS-2011,2011,https://censusindia.gov.in/,0.98,official
VIL-PB-035399,Bir Sarkar,ST-PB,DST-MUK,BLK-MUK-079,35399,30.4561,74.5607,SRID=4326;POINT(74.5607 30.4561),SRC-GOI-CENSUS-2011,2011,https://censusindia.gov.in/,0.98,official
VIL-PB-035400,Sangu Dhaun,ST-PB,DST-MUK,BLK-MUK-079,35400,30.5576,74.4422,SRID=4326;POINT(74.4422 30.5576),SRC-GOI-CENSUS-2011,2011,https://censusindia.gov.in/,0.98,official
VIL-PB-035401,Thandewala,ST-PB,DST-MUK,BLK-MUK-079,35401,30.5465,74.5229,SRID=4326;POINT(74.5229 30.5465),SRC-GOI-CENSUS-2011,2011,https://censusindia.gov.in/,0.98,official
VIL-PB-035402,Kotli Sangar,ST-PB,DST-MUK,BLK-MUK-079,35402,30.4833,74.5866,SRID=4326;POINT(74.5866 30.4833),SRC-GOI-CENSUS-2011,2011,https://censusindia.gov.in/,0.98,official
VIL-PB-035403,Charewan,ST-PB,DST-MUK,BLK-MUK-079,35403,30.4256,74.4384,SRID=4326;POINT(74.4384 30.4256),SRC-GOI-CENSUS-2011,2011,https://censusindia.gov.in/,0.98,official
VIL-PB-035404,Ude Karan,ST-PB,DST-MUK,BLK-MUK-079,35404,30.54,74.4692,SRID=4326;POINT(74.4692 30.54),SRC-GOI-CENSUS-2011,2011,https://censusindia.gov.in/,0.98,official
VIL-PB-035405,Chauntra,ST-PB,DST-MUK,BLK-MUK-079,35405,30.5102,74.4519,SRID=4326;POINT(74.4519 30.5102),SRC-GOI-CENSUS-2011,2011,https://censusindia.gov.in/,0.98,official
VIL-PB-035406,Mar Mallu,ST-PB,DST-MUK,BLK-MUK-079,35406,30.4607,74.4864,SRID=4326;POINT(74.4864 30.4607),SRC-GOI-CENSUS-2011,2011,https://censusindia.gov.in/,0.98,official
VIL-PB-035407,Bura Gujjar,ST-PB,DST-MUK,BLK-MUK-079,35407,30.422,74.5132,SRID=4326;POINT(74.5132 30.422),SRC-GOI-CENSUS-2011,2011,https://censusindia.gov.in/,0.98,official
VIL-PB-035408,Kotli Dewan,ST-PB,DST-MUK,BLK-MUK-079,35408,30.5196,74.5061,SRID=4326;POINT(74.5061 30.5196),SRC-GOI-CENSUS-2011,2011,https://censusindia.gov.in/,0.98,official
VIL-PB-035409,Lambi Dhab,ST-PB,DST-MUK,BLK-MUK-079,35409,30.545,74.4373,SRID=4326;POINT(74.4373 30.545),SRC-GOI-CENSUS-2011,2011,https://censusindia.gov.in/,0.98,official
VIL-PB-035410,Chak Lambi Dhab,ST-PB,DST-MUK,BLK-MUK-079,35410,30.401,74.4987,SRID=4326;POINT(74.4987 30.401),SRC-GOI-CENSUS-2011,2011,https://censusindia.gov.in/,0.98,official
VIL-PB-035411,Saddarwala,ST-PB,DST-MUK,BLK-MUK-079,35411,30.4116,74.5248,SRID=4326;POINT(74.5248 30.4116),SRC-GOI-CENSUS-2011,2011,https://censusindia.gov.in/,0.98,official
VIL-PB-035412,Chak Attari Saddarwala,ST-PB,DST-MUK,BLK-MUK-079,35412,30.4752,74.5104,SRID=4326;POINT(74.5104 30.4752),SRC-GOI-CENSUS-2011,2011,https://censusindia.gov.in/,0.98,official
VIL-PB-035413,Fattanwala,ST-PB,DST-MUK,BLK-MUK-079,35413,30.5575,74.5084,SRID=4326;POINT(74.5084 30.5575),SRC-GOI-CENSUS-2011,2011,https://censusindia.gov.in/,0.98,official
VIL-PB-035414,Attari,ST-PB,DST-MUK,BLK-MUK-079,35414,30.5329,74.5205,SRID=4326;POINT(74.5205 30.5329),SRC-GOI-CENSUS-2011,2011,https://censusindia.gov.in/,0.98,official
VIL-PB-035415,Chak Kala Singhwala,ST-PB,DST-MUK,BLK-MUK-079,35415,30.468,74.5995,SRID=4326;POINT(74.5995 30.468),SRC-GOI-CENSUS-2011,2011,https://censusindia.gov.in/,0.98,official
VIL-PB-035416,Roranwali,ST-PB,DST-MUK,BLK-MUK-079,35416,30.4298,74.5226,SRID=4326;POINT(74.5226 30.4298),SRC-GOI-CENSUS-2011,2011,https://censusindia.gov.in/,0.98,official
VIL-PB-035417,Chak Jawahar Singhwala,ST-PB,DST-MUK,BLK-MUK-079,35417,30.4652,74.6059,SRID=4326;POINT(74.6059 30.4652),SRC-GOI-CENSUS-2011,2011,https://censusindia.gov.in/,0.98,official
VIL-PB-035418,Ranjitgarh,ST-PB,DST-MUK,BLK-MUK-079,35418,30.5216,74.587,SRID=4326;POINT(74.587 30.5216),SRC-GOI-CENSUS-2011,2011,https://censusindia.gov.in/,0.98,official
VIL-PB-035419,Nurpur Kirpalke,ST-PB,DST-MUK,BLK-MUK-079,35419,30.5056,74.5409,SRID=4326;POINT(74.5409 30.5056),SRC-GOI-CENSUS-2011,2011,https://censusindia.gov.in/,0.98,official
VIL-PB-035420,Virvianwali,ST-PB,DST-MUK,BLK-MUK-079,35420,30.5507,74.4969,SRID=4326;POINT(74.4969 30.5507),SRC-GOI-CENSUS-2011,2011,https://censusindia.gov.in/,0.98,official
VIL-PB-035421,Gulabewala,ST-PB,DST-MUK,BLK-MUK-079,35421,30.518,74.5476,SRID=4326;POINT(74.5476 30.518),SRC-GOI-CENSUS-2011,2011,https://censusindia.gov.in/,0.98,official
VIL-PB-035422,Jaseana,ST-PB,DST-MUK,BLK-MUK-079,35422,30.5165,74.5822,SRID=4326;POINT(74.5822 30.5165),SRC-GOI-CENSUS-2011,2011,https://censusindia.gov.in/,0.98,official
VIL-PB-035423,Mangatker,ST-PB,DST-MUK,BLK-MUK-079,35423,30.4515,74.4842,SRID=4326;POINT(74.4842 30.4515),SRC-GOI-CENSUS-2011,2011,https://censusindia.gov.in/,0.98,official
VIL-PB-035424,Landaroda,ST-PB,DST-MUK,BLK-MUK-079,35424,30.4071,74.5827,SRID=4326;POINT(74.5827 30.4071),SRC-GOI-CENSUS-2011,2011,https://censusindia.gov.in/,0.98,official
VIL-PB-035425,Shivpura,ST-PB,DST-MUK,BLK-MUK-079,35425,30.4872,74.5357,SRID=4326;POINT(74.5357 30.4872),SRC-GOI-CENSUS-2011,2011,https://censusindia.gov.in/,0.98,official
VIL-PB-035426,Kanianwali,ST-PB,DST-MUK,BLK-MUK-079,35426,30.4185,74.5522,SRID=4326;POINT(74.5522 30.4185),SRC-GOI-CENSUS-2011,2011,https://censusindia.gov.in/,0.98,official
VIL-PB-035427,Jagat Singhwala,ST-PB,DST-MUK,BLK-MUK-079,35427,30.529,74.4929,SRID=4326;POINT(74.4929 30.529),SRC-GOI-CENSUS-2011,2011,https://censusindia.gov.in/,0.98,official
VIL-PB-035428,Mukand Singhwala,ST-PB,DST-MUK,BLK-MUK-079,35428,30.4702,74.5605,SRID=4326;POINT(74.5605 30.4702),SRC-GOI-CENSUS-2011,2011,https://censusindia.gov.in/,0.98,official
VIL-PB-035429,Bhangewala,ST-PB,DST-MUK,BLK-MUK-079,35429,30.546,74.5476,SRID=4326;POINT(74.5476 30.546),SRC-GOI-CENSUS-2011,2011,https://censusindia.gov.in/,0.98,official
VIL-PB-035430,Maan Singhwala,ST-PB,DST-MUK,BLK-MUK-079,35430,30.4247,74.5619,SRID=4326;POINT(74.5619 30.4247),SRC-GOI-CENSUS-2011,2011,https://censusindia.gov.in/,0.98,official
VIL-PB-035431,Sheerwali,ST-PB,DST-MUK,BLK-MUK-079,35431,30.446,74.4668,SRID=4326;POINT(74.4668 30.446),SRC-GOI-CENSUS-2011,2011,https://censusindia.gov.in/,0.98,official
VIL-PB-035432,Najabat Kokrian,ST-PB,DST-MUK,BLK-MUK-079,35432,30.4513,74.6054,SRID=4326;POINT(74.6054 30.4513),SRC-GOI-CENSUS-2011,2011,https://censusindia.gov.in/,0.98,official
VIL-PB-035433,Lubhanianwali,ST-PB,DST-MUK,BLK-MUK-079,35433,30.5461,74.576,SRID=4326;POINT(74.576 30.5461),SRC-GOI-CENSUS-2011,2011,https://censusindia.gov.in/,0.98,official
VIL-PB-035434,Wangal,ST-PB,DST-MUK,BLK-MUK-079,35434,30.4397,74.4585,SRID=4326;POINT(74.4585 30.4397),SRC-GOI-CENSUS-2011,2011,https://censusindia.gov.in/,0.98,official
VIL-PB-035435,Randhawa,ST-PB,DST-MUK,BLK-MUK-079,35435,30.5211,74.4904,SRID=4326;POINT(74.4904 30.5211),SRC-GOI-CENSUS-2011,2011,https://censusindia.gov.in/,0.98,official
VIL-PB-035436,Dohak,ST-PB,DST-MUK,BLK-MUK-079,35436,30.5103,74.6162,SRID=4326;POINT(74.6162 30.5103),SRC-GOI-CENSUS-2011,2011,https://censusindia.gov.in/,0.98,official
VIL-PB-035437,Chak Dohak,ST-PB,DST-MUK,BLK-MUK-079,35437,30.5553,74.5398,SRID=4326;POINT(74.5398 30.5553),SRC-GOI-CENSUS-2011,2011,https://censusindia.gov.in/,0.98,official
VIL-PB-035438,Budhimal,ST-PB,DST-MUK,BLK-MUK-079,35438,30.5198,74.506,SRID=4326;POINT(74.506 30.5198),SRC-GOI-CENSUS-2011,2011,https://censusindia.gov.in/,0.98,official
VIL-PB-035439,Jandoke,ST-PB,DST-MUK,BLK-MUK-079,35439,30.4001,74.4903,SRID=4326;POINT(74.4903 30.4001),SRC-GOI-CENSUS-2011,2011,https://censusindia.gov.in/,0.98,official
VIL-PB-035440,Sakanwali,ST-PB,DST-MUK,BLK-MUK-079,35440,30.49,74.5082,SRID=4326;POINT(74.5082 30.49),SRC-GOI-CENSUS-2011,2011,https://censusindia.gov.in/,0.98,official
VIL-PB-035441,Sangrana,ST-PB,DST-MUK,BLK-MUK-079,35441,30.435,74.5287,SRID=4326;POINT(74.5287 30.435),SRC-GOI-CENSUS-2011,2011,https://censusindia.gov.in/,0.98,official
VIL-PB-035442,Dodanwali,ST-PB,DST-MUK,BLK-MUK-079,35442,30.4761,74.5209,SRID=4326;POINT(74.5209 30.4761),SRC-GOI-CENSUS-2011,2011,https://censusindia.gov.in/,0.98,official
VIL-PB-035443,Takhat Malana,ST-PB,DST-MUK,BLK-MUK-079,35443,30.5588,74.525,SRID=4326;POINT(74.525 30.5588),SRC-GOI-CENSUS-2011,2011,https://censusindia.gov.in/,0.98,official
VIL-PB-035444,Jamuana,ST-PB,DST-MUK,BLK-MUK-079,35444,30.4895,74.5423,SRID=4326;POINT(74.5423 30.4895),SRC-GOI-CENSUS-2011,2011,https://censusindia.gov.in/,0.98,official
VIL-PB-035445,Chak Baja Madahar,ST-PB,DST-MUK,BLK-MUK-079,35445,30.492,74.4876,SRID=4326;POINT(74.4876 30.492),SRC-GOI-CENSUS-2011,2011,https://censusindia.gov.in/,0.98,official
VIL-PB-035446,Wattu,ST-PB,DST-MUK,BLK-MUK-079,35446,30.5124,74.5191,SRID=4326;POINT(74.5191 30.5124),SRC-GOI-CENSUS-2011,2011,https://censusindia.gov.in/,0.98,official
VIL-PB-035447,Motlewala,ST-PB,DST-MUK,BLK-MUK-079,35447,30.4433,74.5306,SRID=4326;POINT(74.5306 30.4433),SRC-GOI-CENSUS-2011,2011,https://censusindia.gov.in/,0.98,official
VIL-PB-035448,Chak Motlewala,ST-PB,DST-MUK,BLK-MUK-079,35448,30.5396,74.4672,SRID=4326;POINT(74.4672 30.5396),SRC-GOI-CENSUS-2011,2011,https://censusindia.gov.in/,0.98,official
VIL-PB-035449,Madahar Kalan,ST-PB,DST-MUK,BLK-MUK-079,35449,30.4768,74.564,SRID=4326;POINT(74.564 30.4768),SRC-GOI-CENSUS-2011,2011,https://censusindia.gov.in/,0.98,official
VIL-PB-035450,Baja Madahar,ST-PB,DST-MUK,BLK-MUK-079,35450,30.5416,74.43,SRID=4326;POINT(74.43 30.5416),SRC-GOI-CENSUS-2011,2011,https://censusindia.gov.in/,0.98,official
VIL-PB-035451,Chak Gandha Singhwala,ST-PB,DST-MUK,BLK-MUK-079,35451,30.535,74.5494,SRID=4326;POINT(74.5494 30.535),SRC-GOI-CENSUS-2011,2011,https://censusindia.gov.in/,0.98,official
VIL-PB-035452,Sunian,ST-PB,DST-MUK,BLK-MUK-079,35452,30.4453,74.5502,SRID=4326;POINT(74.5502 30.4453),SRC-GOI-CENSUS-2011,2011,https://censusindia.gov.in/,0.98,official
VIL-PB-035453,Jhabelwali,ST-PB,DST-MUK,BLK-MUK-079,35453,30.4593,74.4778,SRID=4326;POINT(74.4778 30.4593),SRC-GOI-CENSUS-2011,2011,https://censusindia.gov.in/,0.98,official
VIL-PB-035454,Warring,ST-PB,DST-MUK,BLK-MUK-079,35454,30.5329,74.618,SRID=4326;POINT(74.618 30.5329),SRC-GOI-CENSUS-2011,2011,https://censusindia.gov.in/,0.98,official
VIL-PB-035455,Haraj,ST-PB,DST-MUK,BLK-MUK-079,35455,30.4012,74.5969,SRID=4326;POINT(74.5969 30.4012),SRC-GOI-CENSUS-2011,2011,https://censusindia.gov.in/,0.98,official
VIL-PB-035456,Chak Khokhar,ST-PB,DST-MUK,BLK-MUK-079,35456,30.5559,74.4708,SRID=4326;POINT(74.4708 30.5559),SRC-GOI-CENSUS-2011,2011,https://censusindia.gov.in/,0.98,official
VIL-PB-035457,Sarai Naga,ST-PB,DST-MUK,BLK-MUK-079,35457,30.5589,74.5666,SRID=4326;POINT(74.5666 30.5589),SRC-GOI-CENSUS-2011,2011,https://censusindia.gov.in/,0.98,official
VIL-PB-035458,Khokhar,ST-PB,DST-MUK,BLK-MUK-079,35458,30.4849,74.4285,SRID=4326;POINT(74.4285 30.4849),SRC-GOI-CENSUS-2011,2011,https://censusindia.gov.in/,0.98,official
VIL-PB-035459,Bari Hari Urf Harike Kalan,ST-PB,DST-MUK,BLK-MUK-079,35459,30.4629,74.4209,SRID=4326;POINT(74.4209 30.4629),SRC-GOI-CENSUS-2011,2011,https://censusindia.gov.in/,0.98,official
VIL-PB-035460,Samagh,ST-PB,DST-MUK,BLK-MUK-079,35460,30.4264,74.5186,SRID=4326;POINT(74.5186 30.4264),SRC-GOI-CENSUS-2011,2011,https://censusindia.gov.in/,0.98,official
VIL-PB-035321,Tharajwala,ST-PB,DST-MUK,BLK-MUK-080,35321,30.3553,74.7192,SRID=4326;POINT(74.7192 30.3553),SRC-GOI-CENSUS-2011,2011,https://censusindia.gov.in/,0.98,official
VIL-PB-035322,Fakarsar,ST-PB,DST-MUK,BLK-MUK-080,35322,30.2642,74.6963,SRID=4326;POINT(74.6963 30.2642),SRC-GOI-CENSUS-2011,2011,https://censusindia.gov.in/,0.98,official
VIL-PB-035323,Peori,ST-PB,DST-MUK,BLK-MUK-080,35323,30.3187,74.6382,SRID=4326;POINT(74.6382 30.3187),SRC-GOI-CENSUS-2011,2011,https://censusindia.gov.in/,0.98,official
VIL-PB-035324,Doula,ST-PB,DST-MUK,BLK-MUK-080,35324,30.3271,74.6661,SRID=4326;POINT(74.6661 30.3271),SRC-GOI-CENSUS-2011,2011,https://censusindia.gov.in/,0.98,official
VIL-PB-035325,Bharu,ST-PB,DST-MUK,BLK-MUK-080,35325,30.3317,74.6444,SRID=4326;POINT(74.6444 30.3317),SRC-GOI-CENSUS-2011,2011,https://censusindia.gov.in/,0.98,official
VIL-PB-035326,Husnar,ST-PB,DST-MUK,BLK-MUK-080,35326,30.2777,74.5901,SRID=4326;POINT(74.5901 30.2777),SRC-GOI-CENSUS-2011,2011,https://censusindia.gov.in/,0.98,official
VIL-PB-035327,Theri,ST-PB,DST-MUK,BLK-MUK-080,35327,30.2632,74.5722,SRID=4326;POINT(74.5722 30.2632),SRC-GOI-CENSUS-2011,2011,https://censusindia.gov.in/,0.98,official
VIL-PB-035328,Babania,ST-PB,DST-MUK,BLK-MUK-080,35328,30.3258,74.6971,SRID=4326;POINT(74.6971 30.3258),SRC-GOI-CENSUS-2011,2011,https://censusindia.gov.in/,0.98,official
VIL-PB-035329,Ghagga,ST-PB,DST-MUK,BLK-MUK-080,35329,30.3484,74.6399,SRID=4326;POINT(74.6399 30.3484),SRC-GOI-CENSUS-2011,2011,https://censusindia.gov.in/,0.98,official
VIL-PB-035330,Kuraiwala,ST-PB,DST-MUK,BLK-MUK-080,35330,30.2708,74.6578,SRID=4326;POINT(74.6578 30.2708),SRC-GOI-CENSUS-2011,2011,https://censusindia.gov.in/,0.98,official
VIL-PB-035331,Baddian,ST-PB,DST-MUK,BLK-MUK-080,35331,30.3294,74.6901,SRID=4326;POINT(74.6901 30.3294),SRC-GOI-CENSUS-2011,2011,https://censusindia.gov.in/,0.98,official
VIL-PB-035332,Gurusar,ST-PB,DST-MUK,BLK-MUK-080,35332,30.3306,74.6172,SRID=4326;POINT(74.6172 30.3306),SRC-GOI-CENSUS-2011,2011,https://censusindia.gov.in/,0.98,official
VIL-PB-035333,Madhir,ST-PB,DST-MUK,BLK-MUK-080,35333,30.3493,74.6737,SRID=4326;POINT(74.6737 30.3493),SRC-GOI-CENSUS-2011,2011,https://censusindia.gov.in/,0.98,official
VIL-PB-035334,Buttar ( Bakhuha),ST-PB,DST-MUK,BLK-MUK-080,35334,30.2944,74.6591,SRID=4326;POINT(74.6591 30.2944),SRC-GOI-CENSUS-2011,2011,https://censusindia.gov.in/,0.98,official
VIL-PB-035335,Kot Bhai,ST-PB,DST-MUK,BLK-MUK-080,35335,30.3484,74.6953,SRID=4326;POINT(74.6953 30.3484),SRC-GOI-CENSUS-2011,2011,https://censusindia.gov.in/,0.98,official
VIL-PB-035336,Chotian,ST-PB,DST-MUK,BLK-MUK-080,35336,30.3837,74.67,SRID=4326;POINT(74.67 30.3837),SRC-GOI-CENSUS-2011,2011,https://censusindia.gov.in/,0.98,official
VIL-PB-035337,Sahib Chand,ST-PB,DST-MUK,BLK-MUK-080,35337,30.2966,74.5805,SRID=4326;POINT(74.5805 30.2966),SRC-GOI-CENSUS-2011,2011,https://censusindia.gov.in/,0.98,official
VIL-PB-035338,Bhalaiana,ST-PB,DST-MUK,BLK-MUK-080,35338,30.2404,74.6816,SRID=4326;POINT(74.6816 30.2404),SRC-GOI-CENSUS-2011,2011,https://censusindia.gov.in/,0.98,official
VIL-PB-035339,Kotliablu,ST-PB,DST-MUK,BLK-MUK-080,35339,30.2522,74.5917,SRID=4326;POINT(74.5917 30.2522),SRC-GOI-CENSUS-2011,2011,https://censusindia.gov.in/,0.98,official
VIL-PB-035340,Mallan,ST-PB,DST-MUK,BLK-MUK-080,35340,30.2473,74.6786,SRID=4326;POINT(74.6786 30.2473),SRC-GOI-CENSUS-2011,2011,https://censusindia.gov.in/,0.98,official
VIL-PB-035341,Kishanpura,ST-PB,DST-MUK,BLK-MUK-080,35341,30.3132,74.6331,SRID=4326;POINT(74.6331 30.3132),SRC-GOI-CENSUS-2011,2011,https://censusindia.gov.in/,0.98,official
VIL-PB-035342,Surewala,ST-PB,DST-MUK,BLK-MUK-080,35342,30.3247,74.5644,SRID=4326;POINT(74.5644 30.3247),SRC-GOI-CENSUS-2011,2011,https://censusindia.gov.in/,0.98,official
VIL-PB-035343,Assa Buttar,ST-PB,DST-MUK,BLK-MUK-080,35343,30.3156,74.6581,SRID=4326;POINT(74.6581 30.3156),SRC-GOI-CENSUS-2011,2011,https://censusindia.gov.in/,0.98,official
VIL-PB-035344,Bhuttiwala,ST-PB,DST-MUK,BLK-MUK-080,35344,30.2885,74.7366,SRID=4326;POINT(74.7366 30.2885),SRC-GOI-CENSUS-2011,2011,https://censusindia.gov.in/,0.98,official
VIL-PB-035345,Khirkianwala,ST-PB,DST-MUK,BLK-MUK-080,35345,30.3164,74.6387,SRID=4326;POINT(74.6387 30.3164),SRC-GOI-CENSUS-2011,2011,https://censusindia.gov.in/,0.98,official
VIL-PB-035346,Kauni,ST-PB,DST-MUK,BLK-MUK-080,35346,30.3993,74.6299,SRID=4326;POINT(74.6299 30.3993),SRC-GOI-CENSUS-2011,2011,https://censusindia.gov.in/,0.98,official
VIL-PB-035347,Gurri Sangar,ST-PB,DST-MUK,BLK-MUK-080,35347,30.3492,74.6517,SRID=4326;POINT(74.6517 30.3492),SRC-GOI-CENSUS-2011,2011,https://censusindia.gov.in/,0.98,official
VIL-PB-035348,Dhulkot,ST-PB,DST-MUK,BLK-MUK-080,35348,30.3158,74.5978,SRID=4326;POINT(74.5978 30.3158),SRC-GOI-CENSUS-2011,2011,https://censusindia.gov.in/,0.98,official
VIL-PB-035349,Lohara,ST-PB,DST-MUK,BLK-MUK-080,35349,30.3189,74.5849,SRID=4326;POINT(74.5849 30.3189),SRC-GOI-CENSUS-2011,2011,https://censusindia.gov.in/,0.98,official
VIL-PB-035350,Buttar Sarien,ST-PB,DST-MUK,BLK-MUK-080,35350,30.3884,74.5766,SRID=4326;POINT(74.5766 30.3884),SRC-GOI-CENSUS-2011,2011,https://censusindia.gov.in/,0.98,official
VIL-PB-035351,Chhatiana,ST-PB,DST-MUK,BLK-MUK-080,35351,30.2833,74.7387,SRID=4326;POINT(74.7387 30.2833),SRC-GOI-CENSUS-2011,2011,https://censusindia.gov.in/,0.98,official
VIL-PB-035352,Rokhala,ST-PB,DST-MUK,BLK-MUK-080,35352,30.3584,74.7319,SRID=4326;POINT(74.7319 30.3584),SRC-GOI-CENSUS-2011,2011,https://censusindia.gov.in/,0.98,official
VIL-PB-035353,Seikh,ST-PB,DST-MUK,BLK-MUK-080,35353,30.3379,74.5811,SRID=4326;POINT(74.5811 30.3379),SRC-GOI-CENSUS-2011,2011,https://censusindia.gov.in/,0.98,official
VIL-PB-035354,Samagh,ST-PB,DST-MUK,BLK-MUK-080,35354,30.3224,74.6983,SRID=4326;POINT(74.6983 30.3224),SRC-GOI-CENSUS-2011,2011,https://censusindia.gov.in/,0.98,official
VIL-PB-035355,Manianwala,ST-PB,DST-MUK,BLK-MUK-080,35355,30.2955,74.6566,SRID=4326;POINT(74.6566 30.2955),SRC-GOI-CENSUS-2011,2011,https://censusindia.gov.in/,0.98,official
VIL-PB-035356,Sukha Ablu,ST-PB,DST-MUK,BLK-MUK-080,35356,30.3137,74.613,SRID=4326;POINT(74.613 30.3137),SRC-GOI-CENSUS-2011,2011,https://censusindia.gov.in/,0.98,official
VIL-PB-035357,Giljewala,ST-PB,DST-MUK,BLK-MUK-080,35357,30.3872,74.6883,SRID=4326;POINT(74.6883 30.3872),SRC-GOI-CENSUS-2011,2011,https://censusindia.gov.in/,0.98,official
VIL-PB-035358,Doda,ST-PB,DST-MUK,BLK-MUK-080,35358,30.3767,74.6484,SRID=4326;POINT(74.6484 30.3767),SRC-GOI-CENSUS-2011,2011,https://censusindia.gov.in/,0.98,official
VIL-PB-035359,Duhewala,ST-PB,DST-MUK,BLK-MUK-080,35359,30.2706,74.6689,SRID=4326;POINT(74.6689 30.2706),SRC-GOI-CENSUS-2011,2011,https://censusindia.gov.in/,0.98,official
VIL-PB-035360,Chak Giljewala,ST-PB,DST-MUK,BLK-MUK-080,35360,30.3106,74.5853,SRID=4326;POINT(74.5853 30.3106),SRC-GOI-CENSUS-2011,2011,https://censusindia.gov.in/,0.98,official
VIL-PB-035361,Khunan Khurd,ST-PB,DST-MUK,BLK-MUK-080,35361,30.3245,74.7159,SRID=4326;POINT(74.7159 30.3245),SRC-GOI-CENSUS-2011,2011,https://censusindia.gov.in/,0.98,official
VIL-PB-035362,Landewala,ST-PB,DST-MUK,BLK-MUK-080,35362,30.3687,74.6341,SRID=4326;POINT(74.6341 30.3687),SRC-GOI-CENSUS-2011,2011,https://censusindia.gov.in/,0.98,official
VIL-PB-035364,Bhundar,ST-PB,DST-MUK,BLK-MUK-080,35364,30.3837,74.7182,SRID=4326;POINT(74.7182 30.3837),SRC-GOI-CENSUS-2011,2011,https://censusindia.gov.in/,0.98,official
VIL-PB-035365,Sotha,ST-PB,DST-MUK,BLK-MUK-080,35365,30.3418,74.6203,SRID=4326;POINT(74.6203 30.3418),SRC-GOI-CENSUS-2011,2011,https://censusindia.gov.in/,0.98,official
VIL-PB-035227,Kandu Khera,ST-PB,DST-MUK,BLK-MUK-081,35227,30.0674,74.6805,SRID=4326;POINT(74.6805 30.0674),SRC-GOI-CENSUS-2011,2011,https://censusindia.gov.in/,0.98,official
VIL-PB-035228,Bhittiwala,ST-PB,DST-MUK,BLK-MUK-081,35228,30.0721,74.583,SRID=4326;POINT(74.583 30.0721),SRC-GOI-CENSUS-2011,2011,https://censusindia.gov.in/,0.98,official
VIL-PB-035229,Tarmala,ST-PB,DST-MUK,BLK-MUK-081,35229,30.0614,74.5749,SRID=4326;POINT(74.5749 30.0614),SRC-GOI-CENSUS-2011,2011,https://censusindia.gov.in/,0.98,official
VIL-PB-035230,Roranwali,ST-PB,DST-MUK,BLK-MUK-081,35230,30.0846,74.5025,SRID=4326;POINT(74.5025 30.0846),SRC-GOI-CENSUS-2011,2011,https://censusindia.gov.in/,0.98,official
VIL-PB-035231,Fatuhi Khera,ST-PB,DST-MUK,BLK-MUK-081,35231,30.1024,74.6028,SRID=4326;POINT(74.6028 30.1024),SRC-GOI-CENSUS-2011,2011,https://censusindia.gov.in/,0.98,official
VIL-PB-035232,Kutianwali,ST-PB,DST-MUK,BLK-MUK-081,35232,30.0584,74.5032,SRID=4326;POINT(74.5032 30.0584),SRC-GOI-CENSUS-2011,2011,https://censusindia.gov.in/,0.98,official
VIL-PB-035233,Khema Khera,ST-PB,DST-MUK,BLK-MUK-081,35233,30.1211,74.5077,SRID=4326;POINT(74.5077 30.1211),SRC-GOI-CENSUS-2011,2011,https://censusindia.gov.in/,0.98,official
VIL-PB-035234,Phulu Khera,ST-PB,DST-MUK,BLK-MUK-081,35234,30.0009,74.573,SRID=4326;POINT(74.573 30.0009),SRC-GOI-CENSUS-2011,2011,https://censusindia.gov.in/,0.98,official
VIL-PB-035235,Arniwala Waziran,ST-PB,DST-MUK,BLK-MUK-081,35235,30.0335,74.6407,SRID=4326;POINT(74.6407 30.0335),SRC-GOI-CENSUS-2011,2011,https://censusindia.gov.in/,0.98,official
VIL-PB-035236,kanganpura,ST-PB,DST-MUK,BLK-MUK-081,35236,30.009,74.5225,SRID=4326;POINT(74.5225 30.009),SRC-GOI-CENSUS-2011,2011,https://censusindia.gov.in/,0.98,official
VIL-PB-035237,Mehmud Khera,ST-PB,DST-MUK,BLK-MUK-081,35237,30.0813,74.6937,SRID=4326;POINT(74.6937 30.0813),SRC-GOI-CENSUS-2011,2011,https://censusindia.gov.in/,0.98,official
VIL-PB-035238,Farid Khera,ST-PB,DST-MUK,BLK-MUK-081,35238,30.0533,74.5575,SRID=4326;POINT(74.5575 30.0533),SRC-GOI-CENSUS-2011,2011,https://censusindia.gov.in/,0.98,official
VIL-PB-035239,Mahni Khera,ST-PB,DST-MUK,BLK-MUK-081,35239,30.0602,74.634,SRID=4326;POINT(74.634 30.0602),SRC-GOI-CENSUS-2011,2011,https://censusindia.gov.in/,0.98,official
VIL-PB-035285,Dabwali Pahurianwali,ST-PB,DST-MUK,BLK-MUK-081,35285,30.0399,74.5929,SRID=4326;POINT(74.5929 30.0399),SRC-GOI-CENSUS-2011,2011,https://censusindia.gov.in/,0.98,official
VIL-PB-035286,Abul Khurana,ST-PB,DST-MUK,BLK-MUK-081,35286,30.1333,74.6422,SRID=4326;POINT(74.6422 30.1333),SRC-GOI-CENSUS-2011,2011,https://censusindia.gov.in/,0.98,official
VIL-PB-035287,Mahuana,ST-PB,DST-MUK,BLK-MUK-081,35287,30.0822,74.5581,SRID=4326;POINT(74.5581 30.0822),SRC-GOI-CENSUS-2011,2011,https://censusindia.gov.in/,0.98,official
VIL-PB-035288,Tapa Khera,ST-PB,DST-MUK,BLK-MUK-081,35288,30.1528,74.6187,SRID=4326;POINT(74.6187 30.1528),SRC-GOI-CENSUS-2011,2011,https://censusindia.gov.in/,0.98,official
VIL-PB-035289,Deon Khera,ST-PB,DST-MUK,BLK-MUK-081,35289,30.1392,74.551,SRID=4326;POINT(74.551 30.1392),SRC-GOI-CENSUS-2011,2011,https://censusindia.gov.in/,0.98,official
VIL-PB-035290,Fatehpur Manianwala,ST-PB,DST-MUK,BLK-MUK-081,35290,30.1544,74.5713,SRID=4326;POINT(74.5713 30.1544),SRC-GOI-CENSUS-2011,2011,https://censusindia.gov.in/,0.98,official
VIL-PB-035291,Sehna Khera,ST-PB,DST-MUK,BLK-MUK-081,35291,30.1462,74.5279,SRID=4326;POINT(74.5279 30.1462),SRC-GOI-CENSUS-2011,2011,https://censusindia.gov.in/,0.98,official
VIL-PB-035292,Adhania,ST-PB,DST-MUK,BLK-MUK-081,35292,30.0458,74.6476,SRID=4326;POINT(74.6476 30.0458),SRC-GOI-CENSUS-2011,2011,https://censusindia.gov.in/,0.98,official
VIL-PB-035293,Khudian Gulab Singh,ST-PB,DST-MUK,BLK-MUK-081,35293,30.0681,74.5609,SRID=4326;POINT(74.5609 30.0681),SRC-GOI-CENSUS-2011,2011,https://censusindia.gov.in/,0.98,official
VIL-PB-035294,Khudian Mohan Singh,ST-PB,DST-MUK,BLK-MUK-081,35294,30.0585,74.5482,SRID=4326;POINT(74.5482 30.0585),SRC-GOI-CENSUS-2011,2011,https://censusindia.gov.in/,0.98,official
VIL-PB-035295,Sikhwala,ST-PB,DST-MUK,BLK-MUK-081,35295,30.0367,74.5447,SRID=4326;POINT(74.5447 30.0367),SRC-GOI-CENSUS-2011,2011,https://censusindia.gov.in/,0.98,official
VIL-PB-035296,Punjawa,ST-PB,DST-MUK,BLK-MUK-081,35296,30.1361,74.5318,SRID=4326;POINT(74.5318 30.1361),SRC-GOI-CENSUS-2011,2011,https://censusindia.gov.in/,0.98,official
VIL-PB-035297,Kakhanwali,ST-PB,DST-MUK,BLK-MUK-081,35297,30.1152,74.5455,SRID=4326;POINT(74.5455 30.1152),SRC-GOI-CENSUS-2011,2011,https://censusindia.gov.in/,0.98,official
VIL-PB-035298,Hakuwala,ST-PB,DST-MUK,BLK-MUK-081,35298,30.1572,74.6756,SRID=4326;POINT(74.6756 30.1572),SRC-GOI-CENSUS-2011,2011,https://censusindia.gov.in/,0.98,official
VIL-PB-035299,Bhullarwala,ST-PB,DST-MUK,BLK-MUK-081,35299,30.0241,74.6633,SRID=4326;POINT(74.6633 30.0241),SRC-GOI-CENSUS-2011,2011,https://censusindia.gov.in/,0.98,official
VIL-PB-035300,Fatta Khera,ST-PB,DST-MUK,BLK-MUK-081,35300,30.1067,74.667,SRID=4326;POINT(74.667 30.1067),SRC-GOI-CENSUS-2011,2011,https://censusindia.gov.in/,0.98,official
VIL-PB-035301,Middu Khera,ST-PB,DST-MUK,BLK-MUK-081,35301,30.0558,74.6728,SRID=4326;POINT(74.6728 30.0558),SRC-GOI-CENSUS-2011,2011,https://censusindia.gov.in/,0.98,official
VIL-PB-035302,Banwala Anu,ST-PB,DST-MUK,BLK-MUK-081,35302,30.0207,74.6486,SRID=4326;POINT(74.6486 30.0207),SRC-GOI-CENSUS-2011,2011,https://censusindia.gov.in/,0.98,official
VIL-PB-035303,Ghumarwala,ST-PB,DST-MUK,BLK-MUK-081,35303,30.0392,74.5824,SRID=4326;POINT(74.5824 30.0392),SRC-GOI-CENSUS-2011,2011,https://censusindia.gov.in/,0.98,official
VIL-PB-035304,Waring Khera,ST-PB,DST-MUK,BLK-MUK-081,35304,30.0805,74.5911,SRID=4326;POINT(74.5911 30.0805),SRC-GOI-CENSUS-2011,2011,https://censusindia.gov.in/,0.98,official
VIL-PB-035305,Lohara,ST-PB,DST-MUK,BLK-MUK-081,35305,30.1395,74.5344,SRID=4326;POINT(74.5344 30.1395),SRC-GOI-CENSUS-2011,2011,https://censusindia.gov.in/,0.98,official
VIL-PB-035306,Killianwali,ST-PB,DST-MUK,BLK-MUK-081,35306,30.0615,74.6792,SRID=4326;POINT(74.6792 30.0615),SRC-GOI-CENSUS-2011,2011,https://censusindia.gov.in/,0.98,official
VIL-PB-035307,Fatuhiwala,ST-PB,DST-MUK,BLK-MUK-081,35307,30.1016,74.6261,SRID=4326;POINT(74.6261 30.1016),SRC-GOI-CENSUS-2011,2011,https://censusindia.gov.in/,0.98,official
VIL-PB-035308,Singhewala,ST-PB,DST-MUK,BLK-MUK-081,35308,30.1185,74.6633,SRID=4326;POINT(74.6633 30.1185),SRC-GOI-CENSUS-2011,2011,https://censusindia.gov.in/,0.98,official
VIL-PB-035309,Mehna,ST-PB,DST-MUK,BLK-MUK-081,35309,30.1001,74.5414,SRID=4326;POINT(74.5414 30.1001),SRC-GOI-CENSUS-2011,2011,https://censusindia.gov.in/,0.98,official
VIL-PB-035310,Mithri Budhgir,ST-PB,DST-MUK,BLK-MUK-081,35310,30.0897,74.5317,SRID=4326;POINT(74.5317 30.0897),SRC-GOI-CENSUS-2011,2011,https://censusindia.gov.in/,0.98,official
VIL-PB-035311,Gaggar,ST-PB,DST-MUK,BLK-MUK-081,35311,30.1535,74.5048,SRID=4326;POINT(74.5048 30.1535),SRC-GOI-CENSUS-2011,2011,https://censusindia.gov.in/,0.98,official
VIL-PB-035312,Badal,ST-PB,DST-MUK,BLK-MUK-081,35312,30.0025,74.6792,SRID=4326;POINT(74.6792 30.0025),SRC-GOI-CENSUS-2011,2011,https://censusindia.gov.in/,0.98,official
VIL-PB-035313,Bhagu,ST-PB,DST-MUK,BLK-MUK-081,35313,30.0423,74.6341,SRID=4326;POINT(74.6341 30.0423),SRC-GOI-CENSUS-2011,2011,https://censusindia.gov.in/,0.98,official
VIL-PB-035314,Kheowali,ST-PB,DST-MUK,BLK-MUK-081,35314,30.0862,74.6811,SRID=4326;POINT(74.6811 30.0862),SRC-GOI-CENSUS-2011,2011,https://censusindia.gov.in/,0.98,official
VIL-PB-035315,Lambi,ST-PB,DST-MUK,BLK-MUK-081,35315,30.1233,74.6972,SRID=4326;POINT(74.6972 30.1233),SRC-GOI-CENSUS-2011,2011,https://censusindia.gov.in/,0.98,official
VIL-PB-035316,Maan,ST-PB,DST-MUK,BLK-MUK-081,35316,30.0741,74.6026,SRID=4326;POINT(74.6026 30.0741),SRC-GOI-CENSUS-2011,2011,https://censusindia.gov.in/,0.98,official
VIL-PB-035317,Channu,ST-PB,DST-MUK,BLK-MUK-081,35317,30.1057,74.6391,SRID=4326;POINT(74.6391 30.1057),SRC-GOI-CENSUS-2011,2011,https://censusindia.gov.in/,0.98,official
VIL-PB-035318,Bidowali,ST-PB,DST-MUK,BLK-MUK-081,35318,30.1068,74.5792,SRID=4326;POINT(74.5792 30.1068),SRC-GOI-CENSUS-2011,2011,https://censusindia.gov.in/,0.98,official
VIL-PB-035319,Lal Bai,ST-PB,DST-MUK,BLK-MUK-081,35319,30.1171,74.5156,SRID=4326;POINT(74.5156 30.1171),SRC-GOI-CENSUS-2011,2011,https://censusindia.gov.in/,0.98,official
VIL-PB-035320,Dhaula,ST-PB,DST-MUK,BLK-MUK-081,35320,30.0394,74.6887,SRID=4326;POINT(74.6887 30.0394),SRC-GOI-CENSUS-2011,2011,https://censusindia.gov.in/,0.98,official
VIL-PB-035240,Shamkot,ST-PB,DST-MUK,BLK-MUK-082,35240,30.1436,74.521,SRID=4326;POINT(74.521 30.1436),SRC-GOI-CENSUS-2011,2011,https://censusindia.gov.in/,0.98,official
VIL-PB-035241,Kolianwali,ST-PB,DST-MUK,BLK-MUK-082,35241,30.233,74.5738,SRID=4326;POINT(74.5738 30.233),SRC-GOI-CENSUS-2011,2011,https://censusindia.gov.in/,0.98,official
VIL-PB-035242,Burj Sidhwan,ST-PB,DST-MUK,BLK-MUK-082,35242,30.2663,74.5419,SRID=4326;POINT(74.5419 30.2663),SRC-GOI-CENSUS-2011,2011,https://censusindia.gov.in/,0.98,official
VIL-PB-035243,Dabwali Dhab,ST-PB,DST-MUK,BLK-MUK-082,35243,30.1932,74.5495,SRID=4326;POINT(74.5495 30.1932),SRC-GOI-CENSUS-2011,2011,https://censusindia.gov.in/,0.98,official
VIL-PB-035244,Gurusar Jodha,ST-PB,DST-MUK,BLK-MUK-082,35244,30.2504,74.471,SRID=4326;POINT(74.471 30.2504),SRC-GOI-CENSUS-2011,2011,https://censusindia.gov.in/,0.98,official
VIL-PB-035245,Pakki Tibbi,ST-PB,DST-MUK,BLK-MUK-082,35245,30.1414,74.4855,SRID=4326;POINT(74.4855 30.1414),SRC-GOI-CENSUS-2011,2011,https://censusindia.gov.in/,0.98,official
VIL-PB-035246,Katianwali,ST-PB,DST-MUK,BLK-MUK-082,35246,30.1798,74.5231,SRID=4326;POINT(74.5231 30.1798),SRC-GOI-CENSUS-2011,2011,https://censusindia.gov.in/,0.98,official
VIL-PB-035247,Kabarwala,ST-PB,DST-MUK,BLK-MUK-082,35247,30.1535,74.4361,SRID=4326;POINT(74.4361 30.1535),SRC-GOI-CENSUS-2011,2011,https://censusindia.gov.in/,0.98,official
VIL-PB-035248,Karamgarh,ST-PB,DST-MUK,BLK-MUK-082,35248,30.1774,74.5109,SRID=4326;POINT(74.5109 30.1774),SRC-GOI-CENSUS-2011,2011,https://censusindia.gov.in/,0.98,official
VIL-PB-035249,Bhagwanpura,ST-PB,DST-MUK,BLK-MUK-082,35249,30.1216,74.5509,SRID=4326;POINT(74.5509 30.1216),SRC-GOI-CENSUS-2011,2011,https://censusindia.gov.in/,0.98,official
VIL-PB-035250,Sarawan Bodla,ST-PB,DST-MUK,BLK-MUK-082,35250,30.2152,74.4837,SRID=4326;POINT(74.4837 30.2152),SRC-GOI-CENSUS-2011,2011,https://censusindia.gov.in/,0.98,official
VIL-PB-035251,Aspal,ST-PB,DST-MUK,BLK-MUK-082,35251,30.2577,74.4486,SRID=4326;POINT(74.4486 30.2577),SRC-GOI-CENSUS-2011,2011,https://censusindia.gov.in/,0.98,official
VIL-PB-035252,Alamwala,ST-PB,DST-MUK,BLK-MUK-082,35252,30.1886,74.4976,SRID=4326;POINT(74.4976 30.1886),SRC-GOI-CENSUS-2011,2011,https://censusindia.gov.in/,0.98,official
VIL-PB-035253,Ratta Khera,ST-PB,DST-MUK,BLK-MUK-082,35253,30.1993,74.4103,SRID=4326;POINT(74.4103 30.1993),SRC-GOI-CENSUS-2011,2011,https://censusindia.gov.in/,0.98,official
VIL-PB-035254,Bodiwala Kharak Singh,ST-PB,DST-MUK,BLK-MUK-082,35254,30.1781,74.5367,SRID=4326;POINT(74.5367 30.1781),SRC-GOI-CENSUS-2011,2011,https://censusindia.gov.in/,0.98,official
VIL-PB-035255,Raniwala,ST-PB,DST-MUK,BLK-MUK-082,35255,30.1774,74.437,SRID=4326;POINT(74.437 30.1774),SRC-GOI-CENSUS-2011,2011,https://censusindia.gov.in/,0.98,official
VIL-PB-035256,Patti  Karam,ST-PB,DST-MUK,BLK-MUK-082,35256,30.1478,74.525,SRID=4326;POINT(74.525 30.1478),SRC-GOI-CENSUS-2011,2011,https://censusindia.gov.in/,0.98,official
VIL-PB-035257,Ratta Tibba,ST-PB,DST-MUK,BLK-MUK-082,35257,30.135,74.4976,SRID=4326;POINT(74.4976 30.135),SRC-GOI-CENSUS-2011,2011,https://censusindia.gov.in/,0.98,official
VIL-PB-035258,Mohlan,ST-PB,DST-MUK,BLK-MUK-082,35258,30.2422,74.4809,SRID=4326;POINT(74.4809 30.2422),SRC-GOI-CENSUS-2011,2011,https://censusindia.gov.in/,0.98,official
VIL-PB-035259,Midda,ST-PB,DST-MUK,BLK-MUK-082,35259,30.1216,74.559,SRID=4326;POINT(74.559 30.1216),SRC-GOI-CENSUS-2011,2011,https://censusindia.gov.in/,0.98,official
VIL-PB-035260,Paniwala Fatta,ST-PB,DST-MUK,BLK-MUK-082,35260,30.1264,74.4835,SRID=4326;POINT(74.4835 30.1264),SRC-GOI-CENSUS-2011,2011,https://censusindia.gov.in/,0.98,official
VIL-PB-035261,Urang,ST-PB,DST-MUK,BLK-MUK-082,35261,30.1457,74.4171,SRID=4326;POINT(74.4171 30.1457),SRC-GOI-CENSUS-2011,2011,https://censusindia.gov.in/,0.98,official
VIL-PB-035262,Bham,ST-PB,DST-MUK,BLK-MUK-082,35262,30.1928,74.4255,SRID=4326;POINT(74.4255 30.1928),SRC-GOI-CENSUS-2011,2011,https://censusindia.gov.in/,0.98,official
VIL-PB-035263,Khunan Kalan,ST-PB,DST-MUK,BLK-MUK-082,35263,30.1683,74.5086,SRID=4326;POINT(74.5086 30.1683),SRC-GOI-CENSUS-2011,2011,https://censusindia.gov.in/,0.98,official
VIL-PB-035264,Lakkarwala,ST-PB,DST-MUK,BLK-MUK-082,35264,30.1888,74.5494,SRID=4326;POINT(74.5494 30.1888),SRC-GOI-CENSUS-2011,2011,https://censusindia.gov.in/,0.98,official
VIL-PB-035265,Tarkhanwala,ST-PB,DST-MUK,BLK-MUK-082,35265,30.1559,74.5362,SRID=4326;POINT(74.5362 30.1559),SRC-GOI-CENSUS-2011,2011,https://censusindia.gov.in/,0.98,official
VIL-PB-035266,Shergarh Gian Singh,ST-PB,DST-MUK,BLK-MUK-082,35266,30.2068,74.4685,SRID=4326;POINT(74.4685 30.2068),SRC-GOI-CENSUS-2011,2011,https://censusindia.gov.in/,0.98,official
VIL-PB-035267,Bhalerian,ST-PB,DST-MUK,BLK-MUK-082,35267,30.2038,74.4086,SRID=4326;POINT(74.4086 30.2038),SRC-GOI-CENSUS-2011,2011,https://censusindia.gov.in/,0.98,official
VIL-PB-035268,Khane Ki Dhab,ST-PB,DST-MUK,BLK-MUK-082,35268,30.1977,74.5335,SRID=4326;POINT(74.5335 30.1977),SRC-GOI-CENSUS-2011,2011,https://censusindia.gov.in/,0.98,official
VIL-PB-035269,Sanoke,ST-PB,DST-MUK,BLK-MUK-082,35269,30.162,74.518,SRID=4326;POINT(74.518 30.162),SRC-GOI-CENSUS-2011,2011,https://censusindia.gov.in/,0.98,official
VIL-PB-035270,Ramnagar Khazan Singh,ST-PB,DST-MUK,BLK-MUK-082,35270,30.245,74.443,SRID=4326;POINT(74.443 30.245),SRC-GOI-CENSUS-2011,2011,https://censusindia.gov.in/,0.98,official
VIL-PB-035271,Jhorar,ST-PB,DST-MUK,BLK-MUK-082,35271,30.2649,74.4985,SRID=4326;POINT(74.4985 30.2649),SRC-GOI-CENSUS-2011,2011,https://censusindia.gov.in/,0.98,official
VIL-PB-035272,Aulakh,ST-PB,DST-MUK,BLK-MUK-082,35272,30.1418,74.5081,SRID=4326;POINT(74.5081 30.1418),SRC-GOI-CENSUS-2011,2011,https://censusindia.gov.in/,0.98,official
VIL-PB-035273,Enakhera,ST-PB,DST-MUK,BLK-MUK-082,35273,30.1481,74.4503,SRID=4326;POINT(74.4503 30.1481),SRC-GOI-CENSUS-2011,2011,https://censusindia.gov.in/,0.98,official
VIL-PB-035274,Virk Khera,ST-PB,DST-MUK,BLK-MUK-082,35274,30.1834,74.4756,SRID=4326;POINT(74.4756 30.1834),SRC-GOI-CENSUS-2011,2011,https://censusindia.gov.in/,0.98,official
VIL-PB-035275,Malout (Rural),ST-PB,DST-MUK,BLK-MUK-082,35275,30.2068,74.5016,SRID=4326;POINT(74.5016 30.2068),SRC-GOI-CENSUS-2011,2011,https://censusindia.gov.in/,0.98,official
VIL-PB-035276,Katorewala,ST-PB,DST-MUK,BLK-MUK-082,35276,30.1494,74.5684,SRID=4326;POINT(74.5684 30.1494),SRC-GOI-CENSUS-2011,2011,https://censusindia.gov.in/,0.98,official
VIL-PB-035277,Malwala,ST-PB,DST-MUK,BLK-MUK-082,35277,30.2446,74.4924,SRID=4326;POINT(74.4924 30.2446),SRC-GOI-CENSUS-2011,2011,https://censusindia.gov.in/,0.98,official
VIL-PB-035278,Jandwala Charat Singh,ST-PB,DST-MUK,BLK-MUK-082,35278,30.1884,74.5703,SRID=4326;POINT(74.5703 30.1884),SRC-GOI-CENSUS-2011,2011,https://censusindia.gov.in/,0.98,official
VIL-PB-035279,Sheikhu,ST-PB,DST-MUK,BLK-MUK-082,35279,30.256,74.5307,SRID=4326;POINT(74.5307 30.256),SRC-GOI-CENSUS-2011,2011,https://censusindia.gov.in/,0.98,official
VIL-PB-035280,Danewala,ST-PB,DST-MUK,BLK-MUK-082,35280,30.2643,74.5531,SRID=4326;POINT(74.5531 30.2643),SRC-GOI-CENSUS-2011,2011,https://censusindia.gov.in/,0.98,official
VIL-PB-035281,Ghumar Khera,ST-PB,DST-MUK,BLK-MUK-082,35281,30.1741,74.497,SRID=4326;POINT(74.497 30.1741),SRC-GOI-CENSUS-2011,2011,https://censusindia.gov.in/,0.98,official
VIL-PB-035282,Kingra,ST-PB,DST-MUK,BLK-MUK-082,35282,30.1537,74.4916,SRID=4326;POINT(74.4916 30.1537),SRC-GOI-CENSUS-2011,2011,https://censusindia.gov.in/,0.98,official
VIL-PB-035283,Rathrian (158)0,ST-PB,DST-MUK,BLK-MUK-082,35283,30.2489,74.4105,SRID=4326;POINT(74.4105 30.2489),SRC-GOI-CENSUS-2011,2011,https://censusindia.gov.in/,0.98,official
VIL-PB-035284,Chhapianwali,ST-PB,DST-MUK,BLK-MUK-082,35284,30.2023,74.5179,SRID=4326;POINT(74.5179 30.2023),SRC-GOI-CENSUS-2011,2011,https://censusindia.gov.in/,0.98,official
VIL-PB-035363,Karniwala,ST-PB,DST-MUK,BLK-MUK-082,35363,30.1839,74.4013,SRID=4326;POINT(74.4013 30.1839),SRC-GOI-CENSUS-2011,2011,https://censusindia.gov.in/,0.98,official
VIL-PB-035368,Mehrajwala,ST-PB,DST-MUK,BLK-MUK-082,35368,30.2574,74.4132,SRID=4326;POINT(74.4132 30.2574),SRC-GOI-CENSUS-2011,2011,https://censusindia.gov.in/,0.98,official
VIL-PB-035369,Phulewala,ST-PB,DST-MUK,BLK-MUK-082,35369,30.1456,74.4207,SRID=4326;POINT(74.4207 30.1456),SRC-GOI-CENSUS-2011,2011,https://censusindia.gov.in/,0.98,official
VIL-PB-035370,Tamkot,ST-PB,DST-MUK,BLK-MUK-082,35370,30.2633,74.4831,SRID=4326;POINT(74.4831 30.2633),SRC-GOI-CENSUS-2011,2011,https://censusindia.gov.in/,0.98,official
VIL-PB-035372,Lakhmireana,ST-PB,DST-MUK,BLK-MUK-082,35372,30.268,74.4476,SRID=4326;POINT(74.4476 30.268),SRC-GOI-CENSUS-2011,2011,https://censusindia.gov.in/,0.98,official
VIL-PB-035374,Dabra,ST-PB,DST-MUK,BLK-MUK-082,35374,30.1981,74.5016,SRID=4326;POINT(74.5016 30.1981),SRC-GOI-CENSUS-2011,2011,https://censusindia.gov.in/,0.98,official
VIL-PB-035375,Bhangchari,ST-PB,DST-MUK,BLK-MUK-082,35375,30.1731,74.4626,SRID=4326;POINT(74.4626 30.1731),SRC-GOI-CENSUS-2011,2011,https://censusindia.gov.in/,0.98,official
VIL-PB-033886,Agwar Lopon Kalan,ST-PB,DST-LDH,BLK-LDH-JAG,33886,30.7725,75.4712,SRID=4326;POINT(75.4712 30.7725),SRC-GOI-CENSUS-2011,2011,https://censusindia.gov.in/,0.98,official
VIL-PB-033756,Hathur,ST-PB,DST-LDH,BLK-LDH-JAG,33756,30.745,75.395,SRID=4326;POINT(75.395 30.745),SRC-GOI-CENSUS-2011,2011,https://censusindia.gov.in/,0.98,official
VIL-PB-033758,Chakkar,ST-PB,DST-LDH,BLK-LDH-JAG,33758,30.752,75.412,SRID=4326;POINT(75.412 30.752),SRC-GOI-CENSUS-2011,2011,https://censusindia.gov.in/,0.98,official
VIL-PB-033760,Manuke,ST-PB,DST-LDH,BLK-LDH-JAG,33760,30.738,75.428,SRID=4326;POINT(75.428 30.738),SRC-GOI-CENSUS-2011,2011,https://censusindia.gov.in/,0.98,official
VIL-PB-033278,Daulatpur,ST-PB,DST-LDH,BLK-LDH-PAY,33278,30.6882,76.2145,SRID=4326;POINT(76.2145 30.6882),SRC-GOI-CENSUS-2011,2011,https://censusindia.gov.in/,0.98,official
VIL-PB-033210,Bija,ST-PB,DST-LDH,BLK-LDH-KHA,33210,30.724,76.155,SRID=4326;POINT(76.155 30.724),SRC-GOI-CENSUS-2011,2011,https://censusindia.gov.in/,0.98,official
VIL-PB-033181,Harion Kalan,ST-PB,DST-LDH,BLK-LDH-KHA,33181,30.715,76.185,SRID=4326;POINT(76.185 30.715),SRC-GOI-CENSUS-2011,2011,https://censusindia.gov.in/,0.98,official
VIL-PB-033540,Dehlon,ST-PB,DST-LDH,BLK-LDH-DEH,33540,30.751,75.871,SRID=4326;POINT(75.871 30.751),SRC-GOI-CENSUS-2011,2011,https://censusindia.gov.in/,0.98,official
VIL-PB-033735,Jalaldiwal,ST-PB,DST-LDH,BLK-LDH-RAI,33735,30.6385,75.612,SRID=4326;POINT(75.612 30.6385),SRC-GOI-CENSUS-2011,2011,https://censusindia.gov.in/,0.98,official
VIL-PB-033675,Gill,ST-PB,DST-LDH,BLK-LDH-LDH1,33675,30.825,75.85,SRID=4326;POINT(75.85 30.825),SRC-GOI-CENSUS-2011,2011,https://censusindia.gov.in/,0.98,official
VIL-PB-033105,Harion Khurd,ST-PB,DST-LDH,BLK-LDH-SAM,33105,30.765,76.125,SRID=4326;POINT(76.125 30.765),SRC-GOI-CENSUS-2011,2011,https://censusindia.gov.in/,0.98,official
VIL-PB-033004,Daulatpur (Samrala),ST-PB,DST-LDH,BLK-LDH-SAM,33004,30.835,76.165,SRID=4326;POINT(76.165 30.835),SRC-GOI-CENSUS-2011,2011,https://censusindia.gov.in/,0.98,official
VIL-PB-031201,Sohian,ST-PB,DST-ASR,BLK-ASR-MAJ,31201,31.761,74.952,SRID=4326;POINT(74.952 31.761),SRC-GOI-CENSUS-2011,2011,https://censusindia.gov.in/,0.98,official
VIL-PB-032450,Uggi,ST-PB,DST-JAL,BLK-JAL-NAK,32450,31.135,75.485,SRID=4326;POINT(75.485 31.135),SRC-GOI-CENSUS-2011,2011,https://censusindia.gov.in/,0.98,official
VIL-PB-034890,Kansal,ST-PB,DST-BTI,BLK-BTI-TAL,34890,29.982,75.092,SRID=4326;POINT(75.092 29.982),SRC-GOI-CENSUS-2011,2011,https://censusindia.gov.in/,0.98,official
VIL-PB-030510,Garna Sahib,ST-PB,DST-HSH,BLK-HSH-DAS,30510,31.815,75.661,SRID=4326;POINT(75.661 31.815),SRC-GOI-CENSUS-2011,2011,https://censusindia.gov.in/,0.98,official
