scheme_id,name,provider_type,support_type,business_tags,summary,eligibility_summary,location_scope,business_stage,status,source_url,source_reference,verification
PMEGP,Prime Minister's Employment Generation Programme,central_government,credit_linked_subsidy,"dairy,flour_processing,farm_equipment,manufacturing,services,rural_nonfarm",Credit-linked subsidy support for eligible new micro-enterprises in the non-farm sector.,"Applicant and project conditions apply; age, education, category and rural/urban location affect matching.",India,new,active_verify_current,https://www.common-pmegp.msme.gov.in/,MSME/KVIC PMEGP portal,official_source_checked
PMMY,Pradhan Mantri MUDRA Yojana,central_government,collateral_free_credit,"dairy,flour_processing,farm_equipment,manufacturing,trading,services,allied_agriculture",Institutional collateral-free credit for eligible micro enterprises through lending institutions.,"Eligible individuals/businesses and lender appraisal apply. Categories include Shishu, Kishor, Tarun and Tarun Plus.",India,"new,existing",active,https://www.financialservices.gov.in/node/3467,"Department of Financial Services, Ministry of Finance",official_source_checked
PMFME,PM Formalisation of Micro Food Processing Enterprises,central_government,credit_linked_subsidy,"flour_processing,food_processing,agri_processing,dairy_processing","Credit-linked capital subsidy and ecosystem support for eligible micro food-processing enterprises, including ODOP-linked support.","Food-processing activity, applicant/entity and state/ODOP conditions must be checked against current guidelines.",India,"new,existing",active_verify_current,https://pmfme.mofpi.gov.in/,Ministry of Food Processing Industries,official_source_checked
AHIDF,Animal Husbandry Infrastructure Development Fund,central_government,interest_subvention_credit,"dairy_processing,dairy,animal_feed,poultry,meat_processing,animal_husbandry","Infrastructure financing support for dairy processing/value addition, animal feed and other eligible animal-husbandry infrastructure.","Individual entrepreneurs, private companies, MSMEs, FPOs, Section 8 companies and dairy cooperatives may qualify subject to current operational guidelines.",India,"new,existing",verify_current_extension,https://dahd.gov.in/schemes/programmes/ahidf,Department of Animal Husbandry & Dairying,official_source_checked
CGTMSE,Credit Guarantee Scheme for Micro & Small Enterprises,central_government,credit_guarantee,"dairy,flour_processing,farm_equipment,manufacturing,services,trading,msme",Credit guarantee support to eligible lenders for credit facilities to eligible MSEs.,MSE and lender eligibility apply; the guarantee is provided to the lender rather than directly paid to the borrower.,India,"new,existing",active,https://www.cgtmse.in/,CGTMSE / Ministry of MSME,official_source_checked
STANDUP_INDIA,Stand-Up India,central_government,bank_loan,"manufacturing,services,trading,greenfield_enterprise",Bank finance for eligible greenfield enterprises promoted by women and SC/ST entrepreneurs.,"Applicant category, greenfield status, ownership/control and bank appraisal conditions apply.",India,new,verify_current,https://www.standupmitra.in/,Stand-Up India portal,official_source_checked
PM_VISHWAKARMA,PM Vishwakarma,central_government,credit_plus_support,"traditional_trades,artisan,manufacturing,services",Credit and non-credit support package for eligible artisans/craftspeople in notified traditional trades.,Trade must be in the notified list and beneficiary conditions must be satisfied.,India,"new,existing",active_verify_current,https://pmvishwakarma.gov.in/,PM Vishwakarma portal,official_source_not_independently_retrieved
NLM,National Livestock Mission,central_government,capital_subsidy,"poultry,sheep_goat,piggery,fodder,livestock","Entrepreneurship and breed-development support for livestock, poultry and feed/fodder activities.",Activity-specific eligibility and beneficiary/entity rules apply.,India,"new,existing",active_verify_current,https://dahd.gov.in/schemes/programmes/national_livestock_mission,Department of Animal Husbandry & Dairying,official_source_checked
AIF,Agriculture Infrastructure Fund,central_government,interest_subvention_credit_guarantee,"agri_processing,warehousing,cold_storage,post_harvest,farm_infrastructure,food_processing",Financing support for eligible post-harvest management infrastructure and community farming assets.,"Eligible beneficiary, asset and project conditions must be checked under the current operational guidelines.",India,"new,existing",verify_current,https://agriinfra.dac.gov.in/,Agriculture Infrastructure Fund portal,official_source_not_independently_retrieved
PM_KUSUM,PM-KUSUM,central_government,capital_subsidy,"solar_pumps,renewable_energy,agriculture","Support for solar pumps, solarisation of agricultural pumps and eligible solar power projects.",Farmer/project/location and state implementation conditions apply.,India,"new,existing",active_verify_state_rules,https://pmkusum.mnre.gov.in/,National PM-KUSUM Portal,official_source_checked
PMMSY,Pradhan Mantri Matsya Sampada Yojana,central_government,capital_support,"fisheries,aquaculture,fish_processing","Support for fisheries, aquaculture infrastructure and value-chain activities.",Activity and beneficiary eligibility under current fisheries guidelines apply.,India,"new,existing",verify_current,https://dof.gov.in/,Department of Fisheries,official_source_not_independently_retrieved
ACABC,Agri-Clinics and Agri-Business Centres,central_government,training_credit_subsidy,"agri_services,farm_equipment,custom_hiring,agri_consultancy,input_services",Support for eligible trained agriculture professionals establishing agri-clinics/agri-business centres.,Education/training and activity-specific eligibility rules apply.,India,new,verify_current,https://www.acabcmis.gov.in/,ACABC portal,official_source_not_independently_retrieved
DAY_NULM_SEP,DAY-NULM Self Employment Programme,central_government,interest_subsidy_credit,"micro_enterprise,services,trading,urban_livelihood",Self-employment support for eligible urban poor through individual/group enterprises.,Urban-poor and current SEP eligibility conditions apply.,India,"new,existing",verify_current,https://nulm.gov.in/,DAY-NULM,official_source_not_independently_retrieved
DAY_NRLM,DAY-NRLM,central_government,livelihood_credit,"rural_livelihood,shg,food_processing,livestock,agri_services","Rural livelihood and enterprise support through SHGs, federations and financial inclusion mechanisms.",Primarily relevant to eligible rural SHG/livelihood ecosystems; state implementation varies.,India,"new,existing",verify_current,https://nrlm.gov.in/,DAY-NRLM,official_source_not_independently_retrieved
PM_SVANIDHI,PM Street Vendor's AtmaNirbhar Nidhi,central_government,working_capital_credit,"street_vending,micro_trading,services",Working-capital credit support for eligible street vendors.,Street-vendor status and scheme-specific eligibility are required.,India,"new,existing",verify_current,https://pmsvanidhi.mohua.gov.in/,PM SVANidhi portal,official_source_not_independently_retrieved
SISFS,Startup India Seed Fund Scheme,central_government,seed_funding,"startup,technology,agri_tech,food_tech,innovation","Financial assistance for proof of concept, prototype, trials, market entry and commercialization through eligible incubators.","DPIIT recognition, incorporation age and other scheme criteria apply.",India,startup,application_deadline_passed_2026_verify_reopening,https://seedfund.startupindia.gov.in/,Startup India Seed Fund portal,official_source_checked
CGSS,Credit Guarantee Scheme for Startups,central_government,credit_guarantee,"startup,technology,innovation",Credit guarantee support for debt extended by eligible member institutions to DPIIT-recognised startups.,"DPIIT-recognised startup, lender/member-institution and current framework conditions apply.",India,startup,active_verify_current,https://www.startupindia.gov.in/santhali/content/sih/en/credit-guarantee-scheme-for-startups.html,Startup India / DPIIT,official_source_checked
ASPIRE,"A Scheme for Promotion of Innovation, Rural Industry & Entrepreneurship",central_government,grant_support,"rural_industry,incubation,innovation,agri_processing,livelihood","Support for innovation, rural industry and entrepreneurship through approved mechanisms such as livelihood business incubators.",Beneficiary/institution and component-specific project conditions apply.,India,"new,existing",active_verify_component,https://www.dashboard.msme.gov.in/aspire.aspx,Ministry of MSME,official_source_checked
SFURTI,Scheme of Fund for Regeneration of Traditional Industries,central_government,cluster_support,"traditional_industry,artisan,handicraft,rural_industry",Cluster-based support for traditional industries and artisan ecosystems.,Cluster/institution/entity and component-specific conditions apply.,India,"existing,cluster",active_verify_current,https://my.msme.gov.in/mymsme/Scheme.aspx,MyMSME / Ministry of MSME,official_source_checked
NATIONAL_SC_ST_HUB,National SC-ST Hub,central_government,procurement_capacity_support,"sc_st_mse,manufacturing,services,msme","Support ecosystem for SC/ST entrepreneurs and MSEs, including procurement and capacity-building support.",SC/ST-owned MSE and component-specific rules apply.,India,"new,existing",active_verify_current,https://my.msme.gov.in/mymsme/Scheme.aspx,MyMSME / Ministry of MSME,official_source_checked
PUNJAB_STARTUP_INCENTIVES,Punjab Startup Incentives / Industrial & Business Development Policy,state_government,interest_subsidy_incentives,"startup,manufacturing,services,innovation",Punjab policy framework contains startup incentives; the exact current policy/version must be checked before matching.,Punjab location plus startup registration/recognition and current policy conditions.,Punjab,startup,verify_current_policy_version,https://punjab.gov.in/wp-content/uploads/2021/10/Guidelines-of-Industrial-and-Business-Development-Policy-2017-2018-PDF-2.3MB.pdf,Government of Punjab policy document,official_source_checked_but_legacy_version
PUNJAB_SC_TERM_LOAN,Punjab Term Loan to SC,state_government,term_loan,"sc_entrepreneur,micro_enterprise,services,manufacturing,trading",Punjab government service listing for term-loan assistance to eligible SC beneficiaries.,SC category plus Punjab implementing-agency income/asset/loan conditions must be verified.,Punjab,"new,existing",verify_current_rules,https://punjab.gov.in/forms/,Government of Punjab service listing,official_source_checked
PUNJAB_OBC_TERM_LOAN,Punjab Term Loan to OBC,state_government,term_loan,"obc_entrepreneur,micro_enterprise,services,manufacturing,trading",Punjab government service listing for term-loan assistance to eligible OBC beneficiaries.,OBC category plus Punjab implementing-agency income/asset/loan conditions must be verified.,Punjab,"new,existing",verify_current_rules,https://punjab.gov.in/forms/,Government of Punjab service listing,official_source_checked
SBI_PMMY,SBI PMMY,bank,term_loan_working_capital,"dairy,flour_processing,farm_equipment,manufacturing,trading,services,allied_agriculture",SBI lending channel for PMMY; lender-specific appraisal and pricing apply.,PMMY eligibility plus SBI credit appraisal and current bank terms.,India,"new,existing",active_verify_bank_terms,https://sbi.co.in/web/business/sme/sme-government-schemes/pmmy,State Bank of India,official_source_checked
SBI_FOOD_PROCESSING,SBI Food Processing Industry Loan,bank,term_loan,"food_processing,dairy_processing,flour_processing",Industry-specific SBI lending product for food-processing businesses.,"Bank credit appraisal, security, project and financial conditions apply.",India,"new,existing",active_verify_bank_terms,https://sbi.co.in/web/business/sme/sme-loans/industry-specific-loans,State Bank of India,official_source_checked
SBI_CONSTRUCTION_EQUIPMENT,SBI Construction Equipment Loan,bank,asset_finance,"construction_equipment,equipment",Industry-specific equipment finance product listed by SBI.,"Asset, borrower and bank credit appraisal conditions apply.",India,"new,existing",active_verify_bank_terms,https://sbi.co.in/web/business/sme/sme-loans/industry-specific-loans,State Bank of India,official_source_checked
PNB_DIGI_MSME,PNB Digi MSME Loan,bank,msme_loan,"msme,manufacturing,services,trading",PNB digital MSME lending product listed in its MSME scheme catalogue.,Current PNB product eligibility and credit appraisal apply.,India,"new,existing",active_verify_bank_terms,https://www.pnbindia.in/misc.aspx,Punjab National Bank,official_source_checked
PNB_EMUDRA,PNB e-Mudra,bank,mudra,"micro_enterprise,dairy,flour_processing,services,trading",PNB channel/product for MUDRA lending.,Current PMMY and PNB product rules apply.,India,"new,existing",active_verify_bank_terms,https://www.pnbindia.in/misc.aspx,Punjab National Bank,official_source_checked
