id,location_id,village_id,source_year,population,households,male_population,female_population,workers,main_workers,marginal_workers,literacy_rate,sc_population,other_available_indicators,source_id,confidence,data_status
DEMO-035366-2011,LOC-VIL-035366,VIL-PB-035366,2011,1779,360,911,868,610,490,120,58.4,882,"{""agricultural_laborers"": 155, ""cultivators"": 162, ""household_industry_workers"": 7, ""other_workers"": 166, ""children_0_6"": 191, ""non_working_population"": 1169, ""marginal_cultivators"": 1, ""marginal_agri_labourers"": 81}",SRC-GOI-CENSUS-2011,0.99,official
DEMO-035367-2011,LOC-VIL-035367,VIL-PB-035367,2011,1690,288,918,772,806,560,246,52.31,992,"{""agricultural_laborers"": 309, ""cultivators"": 82, ""household_industry_workers"": 4, ""other_workers"": 165, ""children_0_6"": 211, ""non_working_population"": 884, ""marginal_cultivators"": 3, ""marginal_agri_labourers"": 126}",SRC-GOI-CENSUS-2011,0.99,official
DEMO-035371-2011,LOC-VIL-035371,VIL-PB-035371,2011,978,204,514,464,346,323,23,55.52,635,"{""agricultural_laborers"": 146, ""cultivators"": 70, ""household_industry_workers"": 17, ""other_workers"": 90, ""children_0_6"": 102, ""non_working_population"": 632, ""marginal_cultivators"": 2, ""marginal_agri_labourers"": 15}",SRC-GOI-CENSUS-2011,0.99,official
DEMO-035373-2011,LOC-VIL-035373,VIL-PB-035373,2011,2246,464,1181,1065,717,714,3,45.5,1636,"{""agricultural_laborers"": 472, ""cultivators"": 154, ""household_industry_workers"": 17, ""other_workers"": 71, ""children_0_6"": 297, ""non_working_population"": 1529, ""marginal_cultivators"": 2, ""marginal_agri_labourers"": 0}",SRC-GOI-CENSUS-2011,0.99,official
DEMO-035376-2011,LOC-VIL-035376,VIL-PB-035376,2011,4562,939,2389,2173,1655,1474,181,55.26,2781,"{""agricultural_laborers"": 812, ""cultivators"": 409, ""household_industry_workers"": 11, ""other_workers"": 242, ""children_0_6"": 498, ""non_working_population"": 2907, ""marginal_cultivators"": 7, ""marginal_agri_labourers"": 140}",SRC-GOI-CENSUS-2011,0.99,official
DEMO-035377-2011,LOC-VIL-035377,VIL-PB-035377,2011,521,106,246,275,193,36,157,48.94,318,"{""agricultural_laborers"": 9, ""cultivators"": 15, ""household_industry_workers"": 0, ""other_workers"": 12, ""children_0_6"": 70, ""non_working_population"": 328, ""marginal_cultivators"": 6, ""marginal_agri_labourers"": 89}",SRC-GOI-CENSUS-2011,0.99,official
DEMO-035378-2011,LOC-VIL-035378,VIL-PB-035378,2011,7669,1500,4100,3569,2621,2413,208,51.14,4239,"{""agricultural_laborers"": 1219, ""cultivators"": 790, ""household_industry_workers"": 30, ""other_workers"": 374, ""children_0_6"": 842, ""non_working_population"": 5048, ""marginal_cultivators"": 7, ""marginal_agri_labourers"": 74}",SRC-GOI-CENSUS-2011,0.99,official
DEMO-035379-2011,LOC-VIL-035379,VIL-PB-035379,2011,2738,533,1411,1327,1084,1076,8,51.9,1726,"{""agricultural_laborers"": 717, ""cultivators"": 132, ""household_industry_workers"": 7, ""other_workers"": 220, ""children_0_6"": 341, ""non_working_population"": 1654, ""marginal_cultivators"": 1, ""marginal_agri_labourers"": 6}",SRC-GOI-CENSUS-2011,0.99,official
DEMO-035380-2011,LOC-VIL-035380,VIL-PB-035380,2011,3516,745,1865,1651,1595,1222,373,51.76,2475,"{""agricultural_laborers"": 753, ""cultivators"": 161, ""household_industry_workers"": 0, ""other_workers"": 308, ""children_0_6"": 451, ""non_working_population"": 1921, ""marginal_cultivators"": 11, ""marginal_agri_labourers"": 326}",SRC-GOI-CENSUS-2011,0.99,official
DEMO-035381-2011,LOC-VIL-035381,VIL-PB-035381,2011,2117,371,1131,986,829,659,170,53.9,886,"{""agricultural_laborers"": 292, ""cultivators"": 293, ""household_industry_workers"": 8, ""other_workers"": 66, ""children_0_6"": 228, ""non_working_population"": 1288, ""marginal_cultivators"": 11, ""marginal_agri_labourers"": 138}",SRC-GOI-CENSUS-2011,0.99,official
DEMO-035382-2011,LOC-VIL-035382,VIL-PB-035382,2011,2515,512,1357,1158,1056,1019,37,57.93,1099,"{""agricultural_laborers"": 536, ""cultivators"": 369, ""household_industry_workers"": 10, ""other_workers"": 104, ""children_0_6"": 259, ""non_working_population"": 1459, ""marginal_cultivators"": 4, ""marginal_agri_labourers"": 24}",SRC-GOI-CENSUS-2011,0.99,official
DEMO-035383-2011,LOC-VIL-035383,VIL-PB-035383,2011,2661,509,1434,1227,1309,899,410,50.43,1724,"{""agricultural_laborers"": 674, ""cultivators"": 167, ""household_industry_workers"": 2, ""other_workers"": 56, ""children_0_6"": 332, ""non_working_population"": 1352, ""marginal_cultivators"": 30, ""marginal_agri_labourers"": 360}",SRC-GOI-CENSUS-2011,0.99,official
DEMO-035384-2011,LOC-VIL-035384,VIL-PB-035384,2011,5554,1044,2884,2670,1783,1644,139,57.06,3022,"{""agricultural_laborers"": 815, ""cultivators"": 262, ""household_industry_workers"": 10, ""other_workers"": 557, ""children_0_6"": 741, ""non_working_population"": 3771, ""marginal_cultivators"": 17, ""marginal_agri_labourers"": 108}",SRC-GOI-CENSUS-2011,0.99,official
DEMO-035385-2011,LOC-VIL-035385,VIL-PB-035385,2011,1419,274,755,664,665,535,130,51.73,503,"{""agricultural_laborers"": 215, ""cultivators"": 194, ""household_industry_workers"": 9, ""other_workers"": 117, ""children_0_6"": 215, ""non_working_population"": 754, ""marginal_cultivators"": 56, ""marginal_agri_labourers"": 33}",SRC-GOI-CENSUS-2011,0.99,official
DEMO-035386-2011,LOC-VIL-035386,VIL-PB-035386,2011,1685,318,891,794,689,321,368,58.46,749,"{""agricultural_laborers"": 2, ""cultivators"": 250, ""household_industry_workers"": 4, ""other_workers"": 65, ""children_0_6"": 174, ""non_working_population"": 996, ""marginal_cultivators"": 4, ""marginal_agri_labourers"": 355}",SRC-GOI-CENSUS-2011,0.99,official
DEMO-035387-2011,LOC-VIL-035387,VIL-PB-035387,2011,2394,468,1244,1150,939,932,7,58.27,1049,"{""agricultural_laborers"": 329, ""cultivators"": 240, ""household_industry_workers"": 8, ""other_workers"": 355, ""children_0_6"": 238, ""non_working_population"": 1455, ""marginal_cultivators"": 3, ""marginal_agri_labourers"": 3}",SRC-GOI-CENSUS-2011,0.99,official
DEMO-035388-2011,LOC-VIL-035388,VIL-PB-035388,2011,1283,233,683,600,500,466,34,66.1,370,"{""agricultural_laborers"": 33, ""cultivators"": 83, ""household_industry_workers"": 5, ""other_workers"": 345, ""children_0_6"": 126, ""non_working_population"": 783, ""marginal_cultivators"": 12, ""marginal_agri_labourers"": 2}",SRC-GOI-CENSUS-2011,0.99,official
DEMO-035389-2011,LOC-VIL-035389,VIL-PB-035389,2011,688,129,368,320,378,236,142,56.98,238,"{""agricultural_laborers"": 74, ""cultivators"": 107, ""household_industry_workers"": 1, ""other_workers"": 54, ""children_0_6"": 90, ""non_working_population"": 310, ""marginal_cultivators"": 0, ""marginal_agri_labourers"": 53}",SRC-GOI-CENSUS-2011,0.99,official
DEMO-035390-2011,LOC-VIL-035390,VIL-PB-035390,2011,2511,487,1297,1214,862,830,32,53.92,1473,"{""agricultural_laborers"": 407, ""cultivators"": 286, ""household_industry_workers"": 2, ""other_workers"": 135, ""children_0_6"": 321, ""non_working_population"": 1649, ""marginal_cultivators"": 2, ""marginal_agri_labourers"": 22}",SRC-GOI-CENSUS-2011,0.99,official
DEMO-035391-2011,LOC-VIL-035391,VIL-PB-035391,2011,1484,283,785,699,797,453,344,61.39,720,"{""agricultural_laborers"": 200, ""cultivators"": 185, ""household_industry_workers"": 3, ""other_workers"": 65, ""children_0_6"": 161, ""non_working_population"": 687, ""marginal_cultivators"": 22, ""marginal_agri_labourers"": 222}",SRC-GOI-CENSUS-2011,0.99,official
DEMO-035392-2011,LOC-VIL-035392,VIL-PB-035392,2011,3317,633,1736,1581,1503,1232,271,55.53,1509,"{""agricultural_laborers"": 648, ""cultivators"": 396, ""household_industry_workers"": 15, ""other_workers"": 173, ""children_0_6"": 340, ""non_working_population"": 1814, ""marginal_cultivators"": 27, ""marginal_agri_labourers"": 80}",SRC-GOI-CENSUS-2011,0.99,official
DEMO-035393-2011,LOC-VIL-035393,VIL-PB-035393,2011,2727,528,1399,1328,993,867,126,57.02,1593,"{""agricultural_laborers"": 414, ""cultivators"": 239, ""household_industry_workers"": 17, ""other_workers"": 197, ""children_0_6"": 279, ""non_working_population"": 1734, ""marginal_cultivators"": 6, ""marginal_agri_labourers"": 76}",SRC-GOI-CENSUS-2011,0.99,official
DEMO-035394-2011,LOC-VIL-035394,VIL-PB-035394,2011,3729,758,1943,1786,1424,1136,288,49.37,2255,"{""agricultural_laborers"": 387, ""cultivators"": 320, ""household_industry_workers"": 8, ""other_workers"": 421, ""children_0_6"": 431, ""non_working_population"": 2305, ""marginal_cultivators"": 8, ""marginal_agri_labourers"": 132}",SRC-GOI-CENSUS-2011,0.99,official
DEMO-035395-2011,LOC-VIL-035395,VIL-PB-035395,2011,9079,1916,4939,4140,3549,2654,895,57.63,4683,"{""agricultural_laborers"": 884, ""cultivators"": 587, ""household_industry_workers"": 85, ""other_workers"": 1098, ""children_0_6"": 1154, ""non_working_population"": 5530, ""marginal_cultivators"": 49, ""marginal_agri_labourers"": 529}",SRC-GOI-CENSUS-2011,0.99,official
DEMO-035396-2011,LOC-VIL-035396,VIL-PB-035396,2011,4483,854,2369,2114,1385,1269,116,52.42,1953,"{""agricultural_laborers"": 478, ""cultivators"": 541, ""household_industry_workers"": 5, ""other_workers"": 245, ""children_0_6"": 519, ""non_working_population"": 3098, ""marginal_cultivators"": 18, ""marginal_agri_labourers"": 69}",SRC-GOI-CENSUS-2011,0.99,official
DEMO-035397-2011,LOC-VIL-035397,VIL-PB-035397,2011,2750,510,1482,1268,1182,893,289,48.44,1767,"{""agricultural_laborers"": 474, ""cultivators"": 245, ""household_industry_workers"": 14, ""other_workers"": 160, ""children_0_6"": 380, ""non_working_population"": 1568, ""marginal_cultivators"": 15, ""marginal_agri_labourers"": 239}",SRC-GOI-CENSUS-2011,0.99,official
DEMO-035398-2011,LOC-VIL-035398,VIL-PB-035398,2011,1989,396,1067,922,661,659,2,45.7,1337,"{""agricultural_laborers"": 412, ""cultivators"": 100, ""household_industry_workers"": 5, ""other_workers"": 142, ""children_0_6"": 263, ""non_working_population"": 1328, ""marginal_cultivators"": 0, ""marginal_agri_labourers"": 0}",SRC-GOI-CENSUS-2011,0.99,official
DEMO-035399-2011,LOC-VIL-035399,VIL-PB-035399,2011,0,0,0,0,0,0,0,0.0,0,"{""agricultural_laborers"": 0, ""cultivators"": 0, ""household_industry_workers"": 0, ""other_workers"": 0, ""children_0_6"": 0, ""non_working_population"": 0, ""marginal_cultivators"": 0, ""marginal_agri_labourers"": 0}",SRC-GOI-CENSUS-2011,0.99,official
DEMO-035400-2011,LOC-VIL-035400,VIL-PB-035400,2011,2607,488,1384,1223,949,765,184,58.3,1233,"{""agricultural_laborers"": 229, ""cultivators"": 337, ""household_industry_workers"": 14, ""other_workers"": 185, ""children_0_6"": 282, ""non_working_population"": 1658, ""marginal_cultivators"": 9, ""marginal_agri_labourers"": 39}",SRC-GOI-CENSUS-2011,0.99,official
DEMO-035401-2011,LOC-VIL-035401,VIL-PB-035401,2011,6814,1356,3602,3212,2690,2539,151,58.07,2989,"{""agricultural_laborers"": 1121, ""cultivators"": 934, ""household_industry_workers"": 29, ""other_workers"": 455, ""children_0_6"": 681, ""non_working_population"": 4124, ""marginal_cultivators"": 18, ""marginal_agri_labourers"": 63}",SRC-GOI-CENSUS-2011,0.99,official
DEMO-035402-2011,LOC-VIL-035402,VIL-PB-035402,2011,2330,409,1225,1105,1126,723,403,60.3,1167,"{""agricultural_laborers"": 246, ""cultivators"": 257, ""household_industry_workers"": 29, ""other_workers"": 191, ""children_0_6"": 235, ""non_working_population"": 1204, ""marginal_cultivators"": 9, ""marginal_agri_labourers"": 54}",SRC-GOI-CENSUS-2011,0.99,official
DEMO-035403-2011,LOC-VIL-035403,VIL-PB-035403,2011,1696,340,861,835,535,518,17,55.25,817,"{""agricultural_laborers"": 162, ""cultivators"": 157, ""household_industry_workers"": 3, ""other_workers"": 196, ""children_0_6"": 198, ""non_working_population"": 1161, ""marginal_cultivators"": 1, ""marginal_agri_labourers"": 2}",SRC-GOI-CENSUS-2011,0.99,official
DEMO-035404-2011,LOC-VIL-035404,VIL-PB-035404,2011,3940,730,2084,1856,1402,1252,150,57.74,1725,"{""agricultural_laborers"": 532, ""cultivators"": 392, ""household_industry_workers"": 26, ""other_workers"": 302, ""children_0_6"": 475, ""non_working_population"": 2538, ""marginal_cultivators"": 3, ""marginal_agri_labourers"": 65}",SRC-GOI-CENSUS-2011,0.99,official
DEMO-035405-2011,LOC-VIL-035405,VIL-PB-035405,2011,1201,219,614,587,376,376,0,54.7,341,"{""agricultural_laborers"": 115, ""cultivators"": 227, ""household_industry_workers"": 15, ""other_workers"": 19, ""children_0_6"": 140, ""non_working_population"": 825, ""marginal_cultivators"": 0, ""marginal_agri_labourers"": 0}",SRC-GOI-CENSUS-2011,0.99,official
DEMO-035406-2011,LOC-VIL-035406,VIL-PB-035406,2011,832,165,441,391,289,262,27,52.4,480,"{""agricultural_laborers"": 120, ""cultivators"": 80, ""household_industry_workers"": 29, ""other_workers"": 33, ""children_0_6"": 100, ""non_working_population"": 543, ""marginal_cultivators"": 1, ""marginal_agri_labourers"": 9}",SRC-GOI-CENSUS-2011,0.99,official
DEMO-035407-2011,LOC-VIL-035407,VIL-PB-035407,2011,2020,354,1053,967,612,537,75,50.99,784,"{""agricultural_laborers"": 161, ""cultivators"": 251, ""household_industry_workers"": 1, ""other_workers"": 124, ""children_0_6"": 272, ""non_working_population"": 1408, ""marginal_cultivators"": 2, ""marginal_agri_labourers"": 58}",SRC-GOI-CENSUS-2011,0.99,official
DEMO-035408-2011,LOC-VIL-035408,VIL-PB-035408,2011,1919,373,1025,894,628,625,3,58.57,788,"{""agricultural_laborers"": 213, ""cultivators"": 300, ""household_industry_workers"": 6, ""other_workers"": 106, ""children_0_6"": 222, ""non_working_population"": 1291, ""marginal_cultivators"": 1, ""marginal_agri_labourers"": 0}",SRC-GOI-CENSUS-2011,0.99,official
DEMO-035409-2011,LOC-VIL-035409,VIL-PB-035409,2011,1324,246,670,654,546,530,16,53.47,605,"{""agricultural_laborers"": 260, ""cultivators"": 222, ""household_industry_workers"": 1, ""other_workers"": 47, ""children_0_6"": 175, ""non_working_population"": 778, ""marginal_cultivators"": 2, ""marginal_agri_labourers"": 12}",SRC-GOI-CENSUS-2011,0.99,official
DEMO-035410-2011,LOC-VIL-035410,VIL-PB-035410,2011,40,6,21,19,16,16,0,67.5,0,"{""agricultural_laborers"": 0, ""cultivators"": 13, ""household_industry_workers"": 0, ""other_workers"": 3, ""children_0_6"": 7, ""non_working_population"": 24, ""marginal_cultivators"": 0, ""marginal_agri_labourers"": 0}",SRC-GOI-CENSUS-2011,0.99,official
DEMO-035411-2011,LOC-VIL-035411,VIL-PB-035411,2011,2256,416,1182,1074,940,752,188,52.75,507,"{""agricultural_laborers"": 159, ""cultivators"": 416, ""household_industry_workers"": 7, ""other_workers"": 170, ""children_0_6"": 298, ""non_working_population"": 1316, ""marginal_cultivators"": 3, ""marginal_agri_labourers"": 1}",SRC-GOI-CENSUS-2011,0.99,official
DEMO-035412-2011,LOC-VIL-035412,VIL-PB-035412,2011,954,186,527,427,309,274,35,55.87,190,"{""agricultural_laborers"": 59, ""cultivators"": 164, ""household_industry_workers"": 3, ""other_workers"": 48, ""children_0_6"": 103, ""non_working_population"": 645, ""marginal_cultivators"": 1, ""marginal_agri_labourers"": 25}",SRC-GOI-CENSUS-2011,0.99,official
DEMO-035413-2011,LOC-VIL-035413,VIL-PB-035413,2011,2413,485,1254,1159,761,683,78,48.36,1726,"{""agricultural_laborers"": 437, ""cultivators"": 186, ""household_industry_workers"": 5, ""other_workers"": 55, ""children_0_6"": 306, ""non_working_population"": 1652, ""marginal_cultivators"": 3, ""marginal_agri_labourers"": 66}",SRC-GOI-CENSUS-2011,0.99,official
DEMO-035414-2011,LOC-VIL-035414,VIL-PB-035414,2011,800,147,416,384,229,223,6,46.5,298,"{""agricultural_laborers"": 100, ""cultivators"": 102, ""household_industry_workers"": 6, ""other_workers"": 15, ""children_0_6"": 110, ""non_working_population"": 571, ""marginal_cultivators"": 2, ""marginal_agri_labourers"": 1}",SRC-GOI-CENSUS-2011,0.99,official
DEMO-035415-2011,LOC-VIL-035415,VIL-PB-035415,2011,1770,358,928,842,720,642,78,39.44,1158,"{""agricultural_laborers"": 291, ""cultivators"": 180, ""household_industry_workers"": 3, ""other_workers"": 168, ""children_0_6"": 245, ""non_working_population"": 1050, ""marginal_cultivators"": 0, ""marginal_agri_labourers"": 34}",SRC-GOI-CENSUS-2011,0.99,official
DEMO-035416-2011,LOC-VIL-035416,VIL-PB-035416,2011,1566,296,822,744,589,588,1,53.96,498,"{""agricultural_laborers"": 228, ""cultivators"": 296, ""household_industry_workers"": 0, ""other_workers"": 64, ""children_0_6"": 198, ""non_working_population"": 977, ""marginal_cultivators"": 0, ""marginal_agri_labourers"": 0}",SRC-GOI-CENSUS-2011,0.99,official
DEMO-035417-2011,LOC-VIL-035417,VIL-PB-035417,2011,1550,306,830,720,537,425,112,42.84,986,"{""agricultural_laborers"": 291, ""cultivators"": 108, ""household_industry_workers"": 0, ""other_workers"": 26, ""children_0_6"": 225, ""non_working_population"": 1013, ""marginal_cultivators"": 2, ""marginal_agri_labourers"": 109}",SRC-GOI-CENSUS-2011,0.99,official
DEMO-035418-2011,LOC-VIL-035418,VIL-PB-035418,2011,2205,451,1179,1026,740,660,80,50.57,1153,"{""agricultural_laborers"": 328, ""cultivators"": 242, ""household_industry_workers"": 11, ""other_workers"": 79, ""children_0_6"": 278, ""non_working_population"": 1465, ""marginal_cultivators"": 1, ""marginal_agri_labourers"": 76}",SRC-GOI-CENSUS-2011,0.99,official
DEMO-035419-2011,LOC-VIL-035419,VIL-PB-035419,2011,1360,275,716,644,462,461,1,63.75,160,"{""agricultural_laborers"": 59, ""cultivators"": 368, ""household_industry_workers"": 0, ""other_workers"": 34, ""children_0_6"": 151, ""non_working_population"": 898, ""marginal_cultivators"": 0, ""marginal_agri_labourers"": 0}",SRC-GOI-CENSUS-2011,0.99,official
DEMO-035420-2011,LOC-VIL-035420,VIL-PB-035420,2011,2007,382,1066,941,687,671,16,54.46,508,"{""agricultural_laborers"": 175, ""cultivators"": 466, ""household_industry_workers"": 0, ""other_workers"": 30, ""children_0_6"": 227, ""non_working_population"": 1320, ""marginal_cultivators"": 5, ""marginal_agri_labourers"": 9}",SRC-GOI-CENSUS-2011,0.99,official
DEMO-035421-2011,LOC-VIL-035421,VIL-PB-035421,2011,2013,399,1054,959,885,637,248,48.98,881,"{""agricultural_laborers"": 267, ""cultivators"": 312, ""household_industry_workers"": 10, ""other_workers"": 48, ""children_0_6"": 247, ""non_working_population"": 1128, ""marginal_cultivators"": 71, ""marginal_agri_labourers"": 163}",SRC-GOI-CENSUS-2011,0.99,official
DEMO-035422-2011,LOC-VIL-035422,VIL-PB-035422,2011,1687,303,865,822,546,507,39,44.64,828,"{""agricultural_laborers"": 129, ""cultivators"": 233, ""household_industry_workers"": 3, ""other_workers"": 142, ""children_0_6"": 181, ""non_working_population"": 1141, ""marginal_cultivators"": 3, ""marginal_agri_labourers"": 31}",SRC-GOI-CENSUS-2011,0.99,official
DEMO-035423-2011,LOC-VIL-035423,VIL-PB-035423,2011,1148,205,611,537,348,321,27,50.96,453,"{""agricultural_laborers"": 113, ""cultivators"": 160, ""household_industry_workers"": 0, ""other_workers"": 48, ""children_0_6"": 122, ""non_working_population"": 800, ""marginal_cultivators"": 1, ""marginal_agri_labourers"": 24}",SRC-GOI-CENSUS-2011,0.99,official
DEMO-035424-2011,LOC-VIL-035424,VIL-PB-035424,2011,1053,200,550,503,363,361,2,58.31,171,"{""agricultural_laborers"": 57, ""cultivators"": 273, ""household_industry_workers"": 0, ""other_workers"": 31, ""children_0_6"": 110, ""non_working_population"": 690, ""marginal_cultivators"": 1, ""marginal_agri_labourers"": 0}",SRC-GOI-CENSUS-2011,0.99,official
DEMO-035425-2011,LOC-VIL-035425,VIL-PB-035425,2011,911,158,478,433,384,362,22,47.75,273,"{""agricultural_laborers"": 143, ""cultivators"": 199, ""household_industry_workers"": 9, ""other_workers"": 11, ""children_0_6"": 115, ""non_working_population"": 527, ""marginal_cultivators"": 4, ""marginal_agri_labourers"": 10}",SRC-GOI-CENSUS-2011,0.99,official
DEMO-035426-2011,LOC-VIL-035426,VIL-PB-035426,2011,3984,803,2126,1858,1505,1143,362,45.43,3005,"{""agricultural_laborers"": 712, ""cultivators"": 258, ""household_industry_workers"": 10, ""other_workers"": 163, ""children_0_6"": 562, ""non_working_population"": 2479, ""marginal_cultivators"": 16, ""marginal_agri_labourers"": 323}",SRC-GOI-CENSUS-2011,0.99,official
DEMO-035427-2011,LOC-VIL-035427,VIL-PB-035427,2011,1358,243,713,645,461,422,39,57.29,215,"{""agricultural_laborers"": 55, ""cultivators"": 324, ""household_industry_workers"": 4, ""other_workers"": 39, ""children_0_6"": 159, ""non_working_population"": 897, ""marginal_cultivators"": 3, ""marginal_agri_labourers"": 25}",SRC-GOI-CENSUS-2011,0.99,official
DEMO-035428-2011,LOC-VIL-035428,VIL-PB-035428,2011,1962,360,1033,929,572,518,54,51.17,886,"{""agricultural_laborers"": 232, ""cultivators"": 241, ""household_industry_workers"": 2, ""other_workers"": 43, ""children_0_6"": 245, ""non_working_population"": 1390, ""marginal_cultivators"": 6, ""marginal_agri_labourers"": 19}",SRC-GOI-CENSUS-2011,0.99,official
DEMO-035429-2011,LOC-VIL-035429,VIL-PB-035429,2011,1850,346,976,874,807,737,70,52.59,840,"{""agricultural_laborers"": 368, ""cultivators"": 282, ""household_industry_workers"": 4, ""other_workers"": 83, ""children_0_6"": 209, ""non_working_population"": 1043, ""marginal_cultivators"": 9, ""marginal_agri_labourers"": 56}",SRC-GOI-CENSUS-2011,0.99,official
DEMO-035430-2011,LOC-VIL-035430,VIL-PB-035430,2011,3379,624,1740,1639,1117,1062,55,46.02,2494,"{""agricultural_laborers"": 669, ""cultivators"": 229, ""household_industry_workers"": 23, ""other_workers"": 141, ""children_0_6"": 420, ""non_working_population"": 2262, ""marginal_cultivators"": 4, ""marginal_agri_labourers"": 40}",SRC-GOI-CENSUS-2011,0.99,official
DEMO-035431-2011,LOC-VIL-035431,VIL-PB-035431,2011,3169,573,1679,1490,1224,1120,104,55.82,952,"{""agricultural_laborers"": 329, ""cultivators"": 635, ""household_industry_workers"": 14, ""other_workers"": 142, ""children_0_6"": 365, ""non_working_population"": 1945, ""marginal_cultivators"": 14, ""marginal_agri_labourers"": 79}",SRC-GOI-CENSUS-2011,0.99,official
DEMO-035432-2011,LOC-VIL-035432,VIL-PB-035432,2011,190,38,101,89,52,49,3,39.47,63,"{""agricultural_laborers"": 11, ""cultivators"": 25, ""household_industry_workers"": 1, ""other_workers"": 12, ""children_0_6"": 22, ""non_working_population"": 138, ""marginal_cultivators"": 0, ""marginal_agri_labourers"": 0}",SRC-GOI-CENSUS-2011,0.99,official
DEMO-035433-2011,LOC-VIL-035433,VIL-PB-035433,2011,1956,373,1010,946,643,582,61,55.67,611,"{""agricultural_laborers"": 115, ""cultivators"": 279, ""household_industry_workers"": 94, ""other_workers"": 94, ""children_0_6"": 240, ""non_working_population"": 1313, ""marginal_cultivators"": 1, ""marginal_agri_labourers"": 56}",SRC-GOI-CENSUS-2011,0.99,official
DEMO-035434-2011,LOC-VIL-035434,VIL-PB-035434,2011,517,105,278,239,166,156,10,57.25,97,"{""agricultural_laborers"": 33, ""cultivators"": 113, ""household_industry_workers"": 0, ""other_workers"": 10, ""children_0_6"": 58, ""non_working_population"": 351, ""marginal_cultivators"": 0, ""marginal_agri_labourers"": 10}",SRC-GOI-CENSUS-2011,0.99,official
DEMO-035435-2011,LOC-VIL-035435,VIL-PB-035435,2011,297,63,157,140,120,115,5,56.57,101,"{""agricultural_laborers"": 46, ""cultivators"": 59, ""household_industry_workers"": 0, ""other_workers"": 10, ""children_0_6"": 34, ""non_working_population"": 177, ""marginal_cultivators"": 1, ""marginal_agri_labourers"": 2}",SRC-GOI-CENSUS-2011,0.99,official
DEMO-035436-2011,LOC-VIL-035436,VIL-PB-035436,2011,2473,489,1311,1162,983,853,130,49.98,1472,"{""agricultural_laborers"": 530, ""cultivators"": 246, ""household_industry_workers"": 0, ""other_workers"": 77, ""children_0_6"": 310, ""non_working_population"": 1490, ""marginal_cultivators"": 16, ""marginal_agri_labourers"": 106}",SRC-GOI-CENSUS-2011,0.99,official
DEMO-035437-2011,LOC-VIL-035437,VIL-PB-035437,2011,127,26,65,62,35,35,0,39.37,127,"{""agricultural_laborers"": 35, ""cultivators"": 0, ""household_industry_workers"": 0, ""other_workers"": 0, ""children_0_6"": 19, ""non_working_population"": 92, ""marginal_cultivators"": 0, ""marginal_agri_labourers"": 0}",SRC-GOI-CENSUS-2011,0.99,official
DEMO-035438-2011,LOC-VIL-035438,VIL-PB-035438,2011,774,135,412,362,249,245,4,56.46,199,"{""agricultural_laborers"": 59, ""cultivators"": 185, ""household_industry_workers"": 0, ""other_workers"": 1, ""children_0_6"": 94, ""non_working_population"": 525, ""marginal_cultivators"": 1, ""marginal_agri_labourers"": 3}",SRC-GOI-CENSUS-2011,0.99,official
DEMO-035439-2011,LOC-VIL-035439,VIL-PB-035439,2011,1585,322,829,756,498,484,14,55.65,674,"{""agricultural_laborers"": 155, ""cultivators"": 232, ""household_industry_workers"": 1, ""other_workers"": 96, ""children_0_6"": 176, ""non_working_population"": 1087, ""marginal_cultivators"": 3, ""marginal_agri_labourers"": 2}",SRC-GOI-CENSUS-2011,0.99,official
DEMO-035440-2011,LOC-VIL-035440,VIL-PB-035440,2011,1430,243,750,680,489,489,0,53.43,736,"{""agricultural_laborers"": 225, ""cultivators"": 204, ""household_industry_workers"": 0, ""other_workers"": 60, ""children_0_6"": 181, ""non_working_population"": 941, ""marginal_cultivators"": 0, ""marginal_agri_labourers"": 0}",SRC-GOI-CENSUS-2011,0.99,official
DEMO-035441-2011,LOC-VIL-035441,VIL-PB-035441,2011,2146,365,1153,993,834,704,130,52.42,581,"{""agricultural_laborers"": 192, ""cultivators"": 360, ""household_industry_workers"": 0, ""other_workers"": 152, ""children_0_6"": 278, ""non_working_population"": 1312, ""marginal_cultivators"": 7, ""marginal_agri_labourers"": 44}",SRC-GOI-CENSUS-2011,0.99,official
DEMO-035442-2011,LOC-VIL-035442,VIL-PB-035442,2011,1777,371,904,873,518,499,19,52.73,1029,"{""agricultural_laborers"": 171, ""cultivators"": 133, ""household_industry_workers"": 3, ""other_workers"": 192, ""children_0_6"": 245, ""non_working_population"": 1259, ""marginal_cultivators"": 0, ""marginal_agri_labourers"": 2}",SRC-GOI-CENSUS-2011,0.99,official
DEMO-035443-2011,LOC-VIL-035443,VIL-PB-035443,2011,456,90,241,215,140,117,23,61.18,132,"{""agricultural_laborers"": 18, ""cultivators"": 81, ""household_industry_workers"": 0, ""other_workers"": 18, ""children_0_6"": 53, ""non_working_population"": 316, ""marginal_cultivators"": 2, ""marginal_agri_labourers"": 21}",SRC-GOI-CENSUS-2011,0.99,official
DEMO-035444-2011,LOC-VIL-035444,VIL-PB-035444,2011,697,125,382,315,246,246,0,50.79,371,"{""agricultural_laborers"": 132, ""cultivators"": 76, ""household_industry_workers"": 0, ""other_workers"": 38, ""children_0_6"": 90, ""non_working_population"": 451, ""marginal_cultivators"": 0, ""marginal_agri_labourers"": 0}",SRC-GOI-CENSUS-2011,0.99,official
DEMO-035445-2011,LOC-VIL-035445,VIL-PB-035445,2011,457,79,249,208,149,148,1,65.43,147,"{""agricultural_laborers"": 40, ""cultivators"": 89, ""household_industry_workers"": 0, ""other_workers"": 19, ""children_0_6"": 63, ""non_working_population"": 308, ""marginal_cultivators"": 1, ""marginal_agri_labourers"": 0}",SRC-GOI-CENSUS-2011,0.99,official
DEMO-035446-2011,LOC-VIL-035446,VIL-PB-035446,2011,1561,298,818,743,529,433,96,60.28,448,"{""agricultural_laborers"": 96, ""cultivators"": 252, ""household_industry_workers"": 10, ""other_workers"": 75, ""children_0_6"": 166, ""non_working_population"": 1032, ""marginal_cultivators"": 2, ""marginal_agri_labourers"": 92}",SRC-GOI-CENSUS-2011,0.99,official
DEMO-035447-2011,LOC-VIL-035447,VIL-PB-035447,2011,1157,214,630,527,359,326,33,65.43,338,"{""agricultural_laborers"": 50, ""cultivators"": 169, ""household_industry_workers"": 1, ""other_workers"": 106, ""children_0_6"": 116, ""non_working_population"": 798, ""marginal_cultivators"": 3, ""marginal_agri_labourers"": 28}",SRC-GOI-CENSUS-2011,0.99,official
DEMO-035448-2011,LOC-VIL-035448,VIL-PB-035448,2011,681,133,365,316,231,210,21,61.53,180,"{""agricultural_laborers"": 58, ""cultivators"": 80, ""household_industry_workers"": 1, ""other_workers"": 71, ""children_0_6"": 63, ""non_working_population"": 450, ""marginal_cultivators"": 0, ""marginal_agri_labourers"": 10}",SRC-GOI-CENSUS-2011,0.99,official
DEMO-035449-2011,LOC-VIL-035449,VIL-PB-035449,2011,2790,541,1466,1324,899,823,76,65.09,875,"{""agricultural_laborers"": 313, ""cultivators"": 276, ""household_industry_workers"": 13, ""other_workers"": 221, ""children_0_6"": 292, ""non_working_population"": 1891, ""marginal_cultivators"": 4, ""marginal_agri_labourers"": 55}",SRC-GOI-CENSUS-2011,0.99,official
DEMO-035450-2011,LOC-VIL-035450,VIL-PB-035450,2011,1511,239,790,721,531,318,213,49.04,578,"{""agricultural_laborers"": 66, ""cultivators"": 190, ""household_industry_workers"": 0, ""other_workers"": 62, ""children_0_6"": 193, ""non_working_population"": 980, ""marginal_cultivators"": 3, ""marginal_agri_labourers"": 202}",SRC-GOI-CENSUS-2011,0.99,official
DEMO-035451-2011,LOC-VIL-035451,VIL-PB-035451,2011,1597,312,825,772,531,425,106,50.22,1041,"{""agricultural_laborers"": 99, ""cultivators"": 75, ""household_industry_workers"": 9, ""other_workers"": 242, ""children_0_6"": 210, ""non_working_population"": 1066, ""marginal_cultivators"": 1, ""marginal_agri_labourers"": 38}",SRC-GOI-CENSUS-2011,0.99,official
DEMO-035452-2011,LOC-VIL-035452,VIL-PB-035452,2011,25,5,13,12,11,11,0,72.0,0,"{""agricultural_laborers"": 0, ""cultivators"": 7, ""household_industry_workers"": 0, ""other_workers"": 4, ""children_0_6"": 3, ""non_working_population"": 14, ""marginal_cultivators"": 0, ""marginal_agri_labourers"": 0}",SRC-GOI-CENSUS-2011,0.99,official
DEMO-035453-2011,LOC-VIL-035453,VIL-PB-035453,2011,2234,450,1159,1075,838,668,170,60.43,746,"{""agricultural_laborers"": 106, ""cultivators"": 281, ""household_industry_workers"": 5, ""other_workers"": 276, ""children_0_6"": 227, ""non_working_population"": 1396, ""marginal_cultivators"": 1, ""marginal_agri_labourers"": 39}",SRC-GOI-CENSUS-2011,0.99,official
DEMO-035454-2011,LOC-VIL-035454,VIL-PB-035454,2011,3381,656,1802,1579,1308,944,364,51.55,1621,"{""agricultural_laborers"": 250, ""cultivators"": 394, ""household_industry_workers"": 7, ""other_workers"": 293, ""children_0_6"": 376, ""non_working_population"": 2073, ""marginal_cultivators"": 1, ""marginal_agri_labourers"": 301}",SRC-GOI-CENSUS-2011,0.99,official
DEMO-035455-2011,LOC-VIL-035455,VIL-PB-035455,2011,1526,293,780,746,630,469,161,56.03,689,"{""agricultural_laborers"": 174, ""cultivators"": 228, ""household_industry_workers"": 1, ""other_workers"": 66, ""children_0_6"": 169, ""non_working_population"": 896, ""marginal_cultivators"": 2, ""marginal_agri_labourers"": 154}",SRC-GOI-CENSUS-2011,0.99,official
DEMO-035456-2011,LOC-VIL-035456,VIL-PB-035456,2011,44,9,28,16,19,19,0,68.18,0,"{""agricultural_laborers"": 0, ""cultivators"": 17, ""household_industry_workers"": 0, ""other_workers"": 2, ""children_0_6"": 3, ""non_working_population"": 25, ""marginal_cultivators"": 0, ""marginal_agri_labourers"": 0}",SRC-GOI-CENSUS-2011,0.99,official
DEMO-035457-2011,LOC-VIL-035457,VIL-PB-035457,2011,2812,538,1488,1324,981,880,101,60.31,1658,"{""agricultural_laborers"": 319, ""cultivators"": 163, ""household_industry_workers"": 28, ""other_workers"": 370, ""children_0_6"": 293, ""non_working_population"": 1831, ""marginal_cultivators"": 5, ""marginal_agri_labourers"": 63}",SRC-GOI-CENSUS-2011,0.99,official
DEMO-035458-2011,LOC-VIL-035458,VIL-PB-035458,2011,2806,536,1499,1307,1298,1024,274,58.05,995,"{""agricultural_laborers"": 397, ""cultivators"": 441, ""household_industry_workers"": 26, ""other_workers"": 160, ""children_0_6"": 295, ""non_working_population"": 1508, ""marginal_cultivators"": 170, ""marginal_agri_labourers"": 64}",SRC-GOI-CENSUS-2011,0.99,official
DEMO-035459-2011,LOC-VIL-035459,VIL-PB-035459,2011,8024,1454,4212,3812,2954,2601,353,51.57,3497,"{""agricultural_laborers"": 1012, ""cultivators"": 1047, ""household_industry_workers"": 39, ""other_workers"": 503, ""children_0_6"": 871, ""non_working_population"": 5070, ""marginal_cultivators"": 16, ""marginal_agri_labourers"": 206}",SRC-GOI-CENSUS-2011,0.99,official
DEMO-035460-2011,LOC-VIL-035460,VIL-PB-035460,2011,1499,274,773,726,458,257,201,56.57,886,"{""agricultural_laborers"": 45, ""cultivators"": 167, ""household_industry_workers"": 1, ""other_workers"": 44, ""children_0_6"": 176, ""non_working_population"": 1041, ""marginal_cultivators"": 0, ""marginal_agri_labourers"": 192}",SRC-GOI-CENSUS-2011,0.99,official
DEMO-035321-2011,LOC-VIL-035321,VIL-PB-035321,2011,4194,785,2255,1939,1683,1358,325,55.6,1779,"{""agricultural_laborers"": 476, ""cultivators"": 658, ""household_industry_workers"": 6, ""other_workers"": 218, ""children_0_6"": 443, ""non_working_population"": 2511, ""marginal_cultivators"": 10, ""marginal_agri_labourers"": 278}",SRC-GOI-CENSUS-2011,0.99,official
DEMO-035322-2011,LOC-VIL-035322,VIL-PB-035322,2011,3471,665,1833,1638,1264,1246,18,55.75,1346,"{""agricultural_laborers"": 422, ""cultivators"": 610, ""household_industry_workers"": 1, ""other_workers"": 213, ""children_0_6"": 351, ""non_working_population"": 2207, ""marginal_cultivators"": 2, ""marginal_agri_labourers"": 14}",SRC-GOI-CENSUS-2011,0.99,official
DEMO-035323-2011,LOC-VIL-035323,VIL-PB-035323,2011,4091,745,2185,1906,1329,1214,115,58.08,1496,"{""agricultural_laborers"": 411, ""cultivators"": 595, ""household_industry_workers"": 8, ""other_workers"": 200, ""children_0_6"": 400, ""non_working_population"": 2762, ""marginal_cultivators"": 2, ""marginal_agri_labourers"": 94}",SRC-GOI-CENSUS-2011,0.99,official
DEMO-035324-2011,LOC-VIL-035324,VIL-PB-035324,2011,3382,648,1758,1624,1286,1191,95,55.88,1460,"{""agricultural_laborers"": 451, ""cultivators"": 496, ""household_industry_workers"": 13, ""other_workers"": 231, ""children_0_6"": 383, ""non_working_population"": 2096, ""marginal_cultivators"": 2, ""marginal_agri_labourers"": 44}",SRC-GOI-CENSUS-2011,0.99,official
DEMO-035325-2011,LOC-VIL-035325,VIL-PB-035325,2011,2744,530,1416,1328,1079,937,142,60.79,872,"{""agricultural_laborers"": 276, ""cultivators"": 330, ""household_industry_workers"": 5, ""other_workers"": 326, ""children_0_6"": 268, ""non_working_population"": 1665, ""marginal_cultivators"": 10, ""marginal_agri_labourers"": 85}",SRC-GOI-CENSUS-2011,0.99,official
DEMO-035326-2011,LOC-VIL-035326,VIL-PB-035326,2011,5646,1071,2954,2692,2967,1742,1225,54.14,1915,"{""agricultural_laborers"": 514, ""cultivators"": 748, ""household_industry_workers"": 33, ""other_workers"": 447, ""children_0_6"": 640, ""non_working_population"": 2679, ""marginal_cultivators"": 637, ""marginal_agri_labourers"": 501}",SRC-GOI-CENSUS-2011,0.99,official
DEMO-035327-2011,LOC-VIL-035327,VIL-PB-035327,2011,3458,734,1816,1642,1254,782,472,42.08,2405,"{""agricultural_laborers"": 391, ""cultivators"": 196, ""household_industry_workers"": 15, ""other_workers"": 180, ""children_0_6"": 493, ""non_working_population"": 2204, ""marginal_cultivators"": 6, ""marginal_agri_labourers"": 425}",SRC-GOI-CENSUS-2011,0.99,official
DEMO-035328-2011,LOC-VIL-035328,VIL-PB-035328,2011,1501,271,779,722,675,520,155,51.5,972,"{""agricultural_laborers"": 325, ""cultivators"": 173, ""household_industry_workers"": 0, ""other_workers"": 22, ""children_0_6"": 196, ""non_working_population"": 826, ""marginal_cultivators"": 11, ""marginal_agri_labourers"": 144}",SRC-GOI-CENSUS-2011,0.99,official
DEMO-035329-2011,LOC-VIL-035329,VIL-PB-035329,2011,3326,670,1725,1601,1189,1173,16,55.83,1456,"{""agricultural_laborers"": 524, ""cultivators"": 494, ""household_industry_workers"": 0, ""other_workers"": 155, ""children_0_6"": 400, ""non_working_population"": 2137, ""marginal_cultivators"": 1, ""marginal_agri_labourers"": 12}",SRC-GOI-CENSUS-2011,0.99,official
DEMO-035330-2011,LOC-VIL-035330,VIL-PB-035330,2011,4779,964,2531,2248,1613,1356,257,54.59,1829,"{""agricultural_laborers"": 395, ""cultivators"": 533, ""household_industry_workers"": 49, ""other_workers"": 379, ""children_0_6"": 538, ""non_working_population"": 3166, ""marginal_cultivators"": 4, ""marginal_agri_labourers"": 221}",SRC-GOI-CENSUS-2011,0.99,official
DEMO-035331-2011,LOC-VIL-035331,VIL-PB-035331,2011,2640,496,1430,1210,865,800,65,61.44,456,"{""agricultural_laborers"": 145, ""cultivators"": 549, ""household_industry_workers"": 15, ""other_workers"": 91, ""children_0_6"": 259, ""non_working_population"": 1775, ""marginal_cultivators"": 35, ""marginal_agri_labourers"": 23}",SRC-GOI-CENSUS-2011,0.99,official
DEMO-035332-2011,LOC-VIL-035332,VIL-PB-035332,2011,5940,1135,3134,2806,2348,1728,620,55.3,2239,"{""agricultural_laborers"": 450, ""cultivators"": 891, ""household_industry_workers"": 28, ""other_workers"": 359, ""children_0_6"": 645, ""non_working_population"": 3592, ""marginal_cultivators"": 38, ""marginal_agri_labourers"": 522}",SRC-GOI-CENSUS-2011,0.99,official
DEMO-035333-2011,LOC-VIL-035333,VIL-PB-035333,2011,4088,794,2173,1915,1765,1160,605,52.42,1474,"{""agricultural_laborers"": 308, ""cultivators"": 538, ""household_industry_workers"": 13, ""other_workers"": 301, ""children_0_6"": 443, ""non_working_population"": 2323, ""marginal_cultivators"": 175, ""marginal_agri_labourers"": 352}",SRC-GOI-CENSUS-2011,0.99,official
DEMO-035334-2011,LOC-VIL-035334,VIL-PB-035334,2011,2393,433,1260,1133,911,791,120,56.71,735,"{""agricultural_laborers"": 204, ""cultivators"": 493, ""household_industry_workers"": 8, ""other_workers"": 86, ""children_0_6"": 282, ""non_working_population"": 1482, ""marginal_cultivators"": 2, ""marginal_agri_labourers"": 93}",SRC-GOI-CENSUS-2011,0.99,official
DEMO-035335-2011,LOC-VIL-035335,VIL-PB-035335,2011,13135,2456,6947,6188,5510,4304,1206,58.28,4868,"{""agricultural_laborers"": 1222, ""cultivators"": 1624, ""household_industry_workers"": 59, ""other_workers"": 1399, ""children_0_6"": 1494, ""non_working_population"": 7625, ""marginal_cultivators"": 402, ""marginal_agri_labourers"": 566}",SRC-GOI-CENSUS-2011,0.99,official
DEMO-035336-2011,LOC-VIL-035336,VIL-PB-035336,2011,2217,446,1107,1110,951,630,321,55.53,732,"{""agricultural_laborers"": 103, ""cultivators"": 363, ""household_industry_workers"": 14, ""other_workers"": 150, ""children_0_6"": 189, ""non_working_population"": 1266, ""marginal_cultivators"": 100, ""marginal_agri_labourers"": 75}",SRC-GOI-CENSUS-2011,0.99,official
DEMO-035337-2011,LOC-VIL-035337,VIL-PB-035337,2011,2700,536,1447,1253,984,887,97,52.74,1058,"{""agricultural_laborers"": 286, ""cultivators"": 383, ""household_industry_workers"": 3, ""other_workers"": 215, ""children_0_6"": 257, ""non_working_population"": 1716, ""marginal_cultivators"": 1, ""marginal_agri_labourers"": 27}",SRC-GOI-CENSUS-2011,0.99,official
DEMO-035338-2011,LOC-VIL-035338,VIL-PB-035338,2011,7334,1344,3841,3493,2421,2292,129,56.95,2124,"{""agricultural_laborers"": 554, ""cultivators"": 1234, ""household_industry_workers"": 26, ""other_workers"": 478, ""children_0_6"": 667, ""non_working_population"": 4913, ""marginal_cultivators"": 26, ""marginal_agri_labourers"": 38}",SRC-GOI-CENSUS-2011,0.99,official
DEMO-035339-2011,LOC-VIL-035339,VIL-PB-035339,2011,8703,1591,4516,4187,3275,3176,99,52.94,3015,"{""agricultural_laborers"": 963, ""cultivators"": 1731, ""household_industry_workers"": 37, ""other_workers"": 445, ""children_0_6"": 999, ""non_working_population"": 5428, ""marginal_cultivators"": 4, ""marginal_agri_labourers"": 58}",SRC-GOI-CENSUS-2011,0.99,official
DEMO-035340-2011,LOC-VIL-035340,VIL-PB-035340,2011,8451,1530,4530,3921,3769,2979,790,55.77,2181,"{""agricultural_laborers"": 836, ""cultivators"": 1650, ""household_industry_workers"": 38, ""other_workers"": 455, ""children_0_6"": 789, ""non_working_population"": 4682, ""marginal_cultivators"": 508, ""marginal_agri_labourers"": 177}",SRC-GOI-CENSUS-2011,0.99,official
DEMO-035341-2011,LOC-VIL-035341,VIL-PB-035341,2011,1578,322,853,725,599,597,2,59.0,387,"{""agricultural_laborers"": 156, ""cultivators"": 380, ""household_industry_workers"": 5, ""other_workers"": 56, ""children_0_6"": 161, ""non_working_population"": 979, ""marginal_cultivators"": 0, ""marginal_agri_labourers"": 2}",SRC-GOI-CENSUS-2011,0.99,official
DEMO-035342-2011,LOC-VIL-035342,VIL-PB-035342,2011,3903,727,2037,1866,1460,1394,66,55.5,1561,"{""agricultural_laborers"": 675, ""cultivators"": 538, ""household_industry_workers"": 16, ""other_workers"": 165, ""children_0_6"": 359, ""non_working_population"": 2443, ""marginal_cultivators"": 5, ""marginal_agri_labourers"": 60}",SRC-GOI-CENSUS-2011,0.99,official
DEMO-035343-2011,LOC-VIL-035343,VIL-PB-035343,2011,3030,565,1590,1440,1089,1009,80,56.17,950,"{""agricultural_laborers"": 186, ""cultivators"": 494, ""household_industry_workers"": 39, ""other_workers"": 290, ""children_0_6"": 335, ""non_working_population"": 1941, ""marginal_cultivators"": 39, ""marginal_agri_labourers"": 15}",SRC-GOI-CENSUS-2011,0.99,official
DEMO-035344-2011,LOC-VIL-035344,VIL-PB-035344,2011,3918,726,2097,1821,1433,1228,205,53.37,1622,"{""agricultural_laborers"": 332, ""cultivators"": 520, ""household_industry_workers"": 12, ""other_workers"": 364, ""children_0_6"": 423, ""non_working_population"": 2485, ""marginal_cultivators"": 3, ""marginal_agri_labourers"": 24}",SRC-GOI-CENSUS-2011,0.99,official
DEMO-035345-2011,LOC-VIL-035345,VIL-PB-035345,2011,2846,506,1481,1365,841,733,108,53.9,1299,"{""agricultural_laborers"": 159, ""cultivators"": 439, ""household_industry_workers"": 11, ""other_workers"": 124, ""children_0_6"": 308, ""non_working_population"": 2005, ""marginal_cultivators"": 8, ""marginal_agri_labourers"": 21}",SRC-GOI-CENSUS-2011,0.99,official
DEMO-035346-2011,LOC-VIL-035346,VIL-PB-035346,2011,7312,1432,3869,3443,2605,2041,564,57.88,2871,"{""agricultural_laborers"": 697, ""cultivators"": 943, ""household_industry_workers"": 28, ""other_workers"": 373, ""children_0_6"": 779, ""non_working_population"": 4707, ""marginal_cultivators"": 10, ""marginal_agri_labourers"": 301}",SRC-GOI-CENSUS-2011,0.99,official
DEMO-035347-2011,LOC-VIL-035347,VIL-PB-035347,2011,2803,546,1468,1335,1066,802,264,53.05,1250,"{""agricultural_laborers"": 200, ""cultivators"": 420, ""household_industry_workers"": 1, ""other_workers"": 181, ""children_0_6"": 331, ""non_working_population"": 1737, ""marginal_cultivators"": 18, ""marginal_agri_labourers"": 126}",SRC-GOI-CENSUS-2011,0.99,official
DEMO-035348-2011,LOC-VIL-035348,VIL-PB-035348,2011,3169,570,1667,1502,1226,1199,27,53.71,1097,"{""agricultural_laborers"": 553, ""cultivators"": 465, ""household_industry_workers"": 4, ""other_workers"": 177, ""children_0_6"": 349, ""non_working_population"": 1943, ""marginal_cultivators"": 1, ""marginal_agri_labourers"": 19}",SRC-GOI-CENSUS-2011,0.99,official
DEMO-035349-2011,LOC-VIL-035349,VIL-PB-035349,2011,1669,318,888,781,455,449,6,55.42,766,"{""agricultural_laborers"": 202, ""cultivators"": 194, ""household_industry_workers"": 2, ""other_workers"": 51, ""children_0_6"": 197, ""non_working_population"": 1214, ""marginal_cultivators"": 0, ""marginal_agri_labourers"": 6}",SRC-GOI-CENSUS-2011,0.99,official
DEMO-035350-2011,LOC-VIL-035350,VIL-PB-035350,2011,2551,475,1354,1197,895,822,73,58.72,733,"{""agricultural_laborers"": 141, ""cultivators"": 497, ""household_industry_workers"": 4, ""other_workers"": 180, ""children_0_6"": 274, ""non_working_population"": 1656, ""marginal_cultivators"": 7, ""marginal_agri_labourers"": 6}",SRC-GOI-CENSUS-2011,0.99,official
DEMO-035351-2011,LOC-VIL-035351,VIL-PB-035351,2011,3815,756,2035,1780,2017,1580,437,56.8,1962,"{""agricultural_laborers"": 382, ""cultivators"": 503, ""household_industry_workers"": 23, ""other_workers"": 672, ""children_0_6"": 468, ""non_working_population"": 1798, ""marginal_cultivators"": 46, ""marginal_agri_labourers"": 253}",SRC-GOI-CENSUS-2011,0.99,official
DEMO-035352-2011,LOC-VIL-035352,VIL-PB-035352,2011,2474,462,1301,1173,993,839,154,52.59,980,"{""agricultural_laborers"": 307, ""cultivators"": 412, ""household_industry_workers"": 8, ""other_workers"": 112, ""children_0_6"": 325, ""non_working_population"": 1481, ""marginal_cultivators"": 3, ""marginal_agri_labourers"": 144}",SRC-GOI-CENSUS-2011,0.99,official
DEMO-035353-2011,LOC-VIL-035353,VIL-PB-035353,2011,939,179,492,447,326,298,28,64.11,343,"{""agricultural_laborers"": 108, ""cultivators"": 123, ""household_industry_workers"": 6, ""other_workers"": 61, ""children_0_6"": 89, ""non_working_population"": 613, ""marginal_cultivators"": 2, ""marginal_agri_labourers"": 11}",SRC-GOI-CENSUS-2011,0.99,official
DEMO-035354-2011,LOC-VIL-035354,VIL-PB-035354,2011,1982,342,1036,946,627,621,6,47.07,842,"{""agricultural_laborers"": 247, ""cultivators"": 291, ""household_industry_workers"": 10, ""other_workers"": 73, ""children_0_6"": 230, ""non_working_population"": 1355, ""marginal_cultivators"": 0, ""marginal_agri_labourers"": 5}",SRC-GOI-CENSUS-2011,0.99,official
DEMO-035355-2011,LOC-VIL-035355,VIL-PB-035355,2011,945,172,502,443,313,226,87,52.17,424,"{""agricultural_laborers"": 60, ""cultivators"": 129, ""household_industry_workers"": 0, ""other_workers"": 37, ""children_0_6"": 116, ""non_working_population"": 632, ""marginal_cultivators"": 6, ""marginal_agri_labourers"": 75}",SRC-GOI-CENSUS-2011,0.99,official
DEMO-035356-2011,LOC-VIL-035356,VIL-PB-035356,2011,5228,1047,2806,2422,2205,1703,502,53.0,2375,"{""agricultural_laborers"": 587, ""cultivators"": 710, ""household_industry_workers"": 4, ""other_workers"": 402, ""children_0_6"": 546, ""non_working_population"": 3023, ""marginal_cultivators"": 6, ""marginal_agri_labourers"": 155}",SRC-GOI-CENSUS-2011,0.99,official
DEMO-035357-2011,LOC-VIL-035357,VIL-PB-035357,2011,2753,499,1451,1302,862,857,5,54.34,1287,"{""agricultural_laborers"": 410, ""cultivators"": 388, ""household_industry_workers"": 4, ""other_workers"": 55, ""children_0_6"": 327, ""non_working_population"": 1891, ""marginal_cultivators"": 3, ""marginal_agri_labourers"": 1}",SRC-GOI-CENSUS-2011,0.99,official
DEMO-035358-2011,LOC-VIL-035358,VIL-PB-035358,2011,13070,2468,6825,6245,4715,4250,465,55.52,5360,"{""agricultural_laborers"": 1558, ""cultivators"": 1688, ""household_industry_workers"": 37, ""other_workers"": 967, ""children_0_6"": 1573, ""non_working_population"": 8355, ""marginal_cultivators"": 27, ""marginal_agri_labourers"": 92}",SRC-GOI-CENSUS-2011,0.99,official
DEMO-035359-2011,LOC-VIL-035359,VIL-PB-035359,2011,1984,392,1054,930,665,603,62,53.78,723,"{""agricultural_laborers"": 229, ""cultivators"": 323, ""household_industry_workers"": 9, ""other_workers"": 42, ""children_0_6"": 212, ""non_working_population"": 1319, ""marginal_cultivators"": 7, ""marginal_agri_labourers"": 44}",SRC-GOI-CENSUS-2011,0.99,official
DEMO-035360-2011,LOC-VIL-035360,VIL-PB-035360,2011,1476,258,745,731,442,436,6,49.46,828,"{""agricultural_laborers"": 226, ""cultivators"": 185, ""household_industry_workers"": 0, ""other_workers"": 25, ""children_0_6"": 167, ""non_working_population"": 1034, ""marginal_cultivators"": 2, ""marginal_agri_labourers"": 4}",SRC-GOI-CENSUS-2011,0.99,official
DEMO-035361-2011,LOC-VIL-035361,VIL-PB-035361,2011,2109,401,1094,1015,674,658,16,58.46,992,"{""agricultural_laborers"": 207, ""cultivators"": 259, ""household_industry_workers"": 0, ""other_workers"": 192, ""children_0_6"": 268, ""non_working_population"": 1435, ""marginal_cultivators"": 2, ""marginal_agri_labourers"": 9}",SRC-GOI-CENSUS-2011,0.99,official
DEMO-035362-2011,LOC-VIL-035362,VIL-PB-035362,2011,2070,392,1097,973,815,649,166,52.32,711,"{""agricultural_laborers"": 248, ""cultivators"": 245, ""household_industry_workers"": 14, ""other_workers"": 142, ""children_0_6"": 261, ""non_working_population"": 1255, ""marginal_cultivators"": 7, ""marginal_agri_labourers"": 146}",SRC-GOI-CENSUS-2011,0.99,official
DEMO-035364-2011,LOC-VIL-035364,VIL-PB-035364,2011,2960,600,1564,1396,1121,972,149,51.52,1445,"{""agricultural_laborers"": 414, ""cultivators"": 375, ""household_industry_workers"": 13, ""other_workers"": 170, ""children_0_6"": 370, ""non_working_population"": 1839, ""marginal_cultivators"": 27, ""marginal_agri_labourers"": 106}",SRC-GOI-CENSUS-2011,0.99,official
DEMO-035365-2011,LOC-VIL-035365,VIL-PB-035365,2011,3639,710,1885,1754,1190,1110,80,56.86,1465,"{""agricultural_laborers"": 260, ""cultivators"": 476, ""household_industry_workers"": 9, ""other_workers"": 365, ""children_0_6"": 411, ""non_working_population"": 2449, ""marginal_cultivators"": 30, ""marginal_agri_labourers"": 37}",SRC-GOI-CENSUS-2011,0.99,official
DEMO-035227-2011,LOC-VIL-035227,VIL-PB-035227,2011,3123,596,1646,1477,1379,1205,174,55.97,1082,"{""agricultural_laborers"": 372, ""cultivators"": 434, ""household_industry_workers"": 2, ""other_workers"": 397, ""children_0_6"": 343, ""non_working_population"": 1744, ""marginal_cultivators"": 2, ""marginal_agri_labourers"": 153}",SRC-GOI-CENSUS-2011,0.99,official
DEMO-035228-2011,LOC-VIL-035228,VIL-PB-035228,2011,4277,821,2239,2038,1728,1332,396,47.7,2204,"{""agricultural_laborers"": 685, ""cultivators"": 496, ""household_industry_workers"": 5, ""other_workers"": 146, ""children_0_6"": 460, ""non_working_population"": 2549, ""marginal_cultivators"": 50, ""marginal_agri_labourers"": 331}",SRC-GOI-CENSUS-2011,0.99,official
DEMO-035229-2011,LOC-VIL-035229,VIL-PB-035229,2011,3117,606,1656,1461,1402,1274,128,53.32,1059,"{""agricultural_laborers"": 562, ""cultivators"": 513, ""household_industry_workers"": 43, ""other_workers"": 156, ""children_0_6"": 362, ""non_working_population"": 1715, ""marginal_cultivators"": 7, ""marginal_agri_labourers"": 87}",SRC-GOI-CENSUS-2011,0.99,official
DEMO-035230-2011,LOC-VIL-035230,VIL-PB-035230,2011,2083,387,1125,958,1060,862,198,49.78,809,"{""agricultural_laborers"": 454, ""cultivators"": 347, ""household_industry_workers"": 0, ""other_workers"": 61, ""children_0_6"": 242, ""non_working_population"": 1023, ""marginal_cultivators"": 2, ""marginal_agri_labourers"": 191}",SRC-GOI-CENSUS-2011,0.99,official
DEMO-035231-2011,LOC-VIL-035231,VIL-PB-035231,2011,2686,523,1411,1275,1105,701,404,51.34,1258,"{""agricultural_laborers"": 206, ""cultivators"": 391, ""household_industry_workers"": 6, ""other_workers"": 98, ""children_0_6"": 292, ""non_working_population"": 1581, ""marginal_cultivators"": 5, ""marginal_agri_labourers"": 379}",SRC-GOI-CENSUS-2011,0.99,official
DEMO-035232-2011,LOC-VIL-035232,VIL-PB-035232,2011,2527,545,1343,1184,909,828,81,52.71,1003,"{""agricultural_laborers"": 319, ""cultivators"": 334, ""household_industry_workers"": 14, ""other_workers"": 161, ""children_0_6"": 301, ""non_working_population"": 1618, ""marginal_cultivators"": 2, ""marginal_agri_labourers"": 61}",SRC-GOI-CENSUS-2011,0.99,official
DEMO-035233-2011,LOC-VIL-035233,VIL-PB-035233,2011,2015,381,1069,946,735,534,201,54.94,1033,"{""agricultural_laborers"": 216, ""cultivators"": 215, ""household_industry_workers"": 14, ""other_workers"": 89, ""children_0_6"": 226, ""non_working_population"": 1280, ""marginal_cultivators"": 16, ""marginal_agri_labourers"": 153}",SRC-GOI-CENSUS-2011,0.99,official
DEMO-035234-2011,LOC-VIL-035234,VIL-PB-035234,2011,2351,428,1241,1110,892,731,161,56.61,720,"{""agricultural_laborers"": 228, ""cultivators"": 426, ""household_industry_workers"": 4, ""other_workers"": 73, ""children_0_6"": 258, ""non_working_population"": 1459, ""marginal_cultivators"": 6, ""marginal_agri_labourers"": 153}",SRC-GOI-CENSUS-2011,0.99,official
DEMO-035235-2011,LOC-VIL-035235,VIL-PB-035235,2011,1494,306,801,693,422,413,9,53.41,682,"{""agricultural_laborers"": 140, ""cultivators"": 153, ""household_industry_workers"": 5, ""other_workers"": 115, ""children_0_6"": 153, ""non_working_population"": 1072, ""marginal_cultivators"": 3, ""marginal_agri_labourers"": 4}",SRC-GOI-CENSUS-2011,0.99,official
DEMO-035236-2011,LOC-VIL-035236,VIL-PB-035236,2011,1368,274,716,652,611,585,26,51.46,457,"{""agricultural_laborers"": 307, ""cultivators"": 192, ""household_industry_workers"": 50, ""other_workers"": 36, ""children_0_6"": 147, ""non_working_population"": 757, ""marginal_cultivators"": 9, ""marginal_agri_labourers"": 8}",SRC-GOI-CENSUS-2011,0.99,official
DEMO-035237-2011,LOC-VIL-035237,VIL-PB-035237,2011,2251,443,1176,1075,745,607,138,47.49,1653,"{""agricultural_laborers"": 420, ""cultivators"": 99, ""household_industry_workers"": 5, ""other_workers"": 83, ""children_0_6"": 314, ""non_working_population"": 1506, ""marginal_cultivators"": 2, ""marginal_agri_labourers"": 49}",SRC-GOI-CENSUS-2011,0.99,official
DEMO-035238-2011,LOC-VIL-035238,VIL-PB-035238,2011,2025,373,1095,930,681,666,15,60.74,569,"{""agricultural_laborers"": 169, ""cultivators"": 371, ""household_industry_workers"": 2, ""other_workers"": 124, ""children_0_6"": 206, ""non_working_population"": 1344, ""marginal_cultivators"": 0, ""marginal_agri_labourers"": 4}",SRC-GOI-CENSUS-2011,0.99,official
DEMO-035239-2011,LOC-VIL-035239,VIL-PB-035239,2011,2142,422,1129,1013,1103,575,528,48.93,1034,"{""agricultural_laborers"": 152, ""cultivators"": 281, ""household_industry_workers"": 4, ""other_workers"": 138, ""children_0_6"": 265, ""non_working_population"": 1039, ""marginal_cultivators"": 17, ""marginal_agri_labourers"": 293}",SRC-GOI-CENSUS-2011,0.99,official
DEMO-035285-2011,LOC-VIL-035285,VIL-PB-035285,2011,2544,474,1364,1180,1121,898,223,53.46,1416,"{""agricultural_laborers"": 536, ""cultivators"": 253, ""household_industry_workers"": 6, ""other_workers"": 103, ""children_0_6"": 292, ""non_working_population"": 1423, ""marginal_cultivators"": 2, ""marginal_agri_labourers"": 217}",SRC-GOI-CENSUS-2011,0.99,official
DEMO-035286-2011,LOC-VIL-035286,VIL-PB-035286,2011,6789,1283,3607,3182,2651,2234,417,53.17,4016,"{""agricultural_laborers"": 1422, ""cultivators"": 481, ""household_industry_workers"": 5, ""other_workers"": 326, ""children_0_6"": 785, ""non_working_population"": 4138, ""marginal_cultivators"": 6, ""marginal_agri_labourers"": 406}",SRC-GOI-CENSUS-2011,0.99,official
DEMO-035287-2011,LOC-VIL-035287,VIL-PB-035287,2011,2360,461,1231,1129,873,605,268,60.08,869,"{""agricultural_laborers"": 188, ""cultivators"": 309, ""household_industry_workers"": 6, ""other_workers"": 102, ""children_0_6"": 220, ""non_working_population"": 1487, ""marginal_cultivators"": 9, ""marginal_agri_labourers"": 208}",SRC-GOI-CENSUS-2011,0.99,official
DEMO-035288-2011,LOC-VIL-035288,VIL-PB-035288,2011,3566,692,1846,1720,1481,918,563,44.87,2630,"{""agricultural_laborers"": 544, ""cultivators"": 134, ""household_industry_workers"": 0, ""other_workers"": 240, ""children_0_6"": 492, ""non_working_population"": 2085, ""marginal_cultivators"": 7, ""marginal_agri_labourers"": 366}",SRC-GOI-CENSUS-2011,0.99,official
DEMO-035289-2011,LOC-VIL-035289,VIL-PB-035289,2011,2620,492,1375,1245,886,881,5,50.73,1722,"{""agricultural_laborers"": 525, ""cultivators"": 188, ""household_industry_workers"": 5, ""other_workers"": 163, ""children_0_6"": 261, ""non_working_population"": 1734, ""marginal_cultivators"": 2, ""marginal_agri_labourers"": 2}",SRC-GOI-CENSUS-2011,0.99,official
DEMO-035290-2011,LOC-VIL-035290,VIL-PB-035290,2011,3150,568,1643,1507,1291,760,531,56.67,1401,"{""agricultural_laborers"": 241, ""cultivators"": 421, ""household_industry_workers"": 6, ""other_workers"": 92, ""children_0_6"": 362, ""non_working_population"": 1859, ""marginal_cultivators"": 11, ""marginal_agri_labourers"": 498}",SRC-GOI-CENSUS-2011,0.99,official
DEMO-035291-2011,LOC-VIL-035291,VIL-PB-035291,2011,1457,251,762,695,475,449,26,56.07,781,"{""agricultural_laborers"": 180, ""cultivators"": 172, ""household_industry_workers"": 3, ""other_workers"": 94, ""children_0_6"": 167, ""non_working_population"": 982, ""marginal_cultivators"": 1, ""marginal_agri_labourers"": 23}",SRC-GOI-CENSUS-2011,0.99,official
DEMO-035292-2011,LOC-VIL-035292,VIL-PB-035292,2011,2920,551,1558,1362,1060,773,287,50.68,1761,"{""agricultural_laborers"": 481, ""cultivators"": 146, ""household_industry_workers"": 6, ""other_workers"": 140, ""children_0_6"": 323, ""non_working_population"": 1860, ""marginal_cultivators"": 101, ""marginal_agri_labourers"": 181}",SRC-GOI-CENSUS-2011,0.99,official
DEMO-035293-2011,LOC-VIL-035293,VIL-PB-035293,2011,2261,436,1181,1080,760,673,87,50.77,1353,"{""agricultural_laborers"": 395, ""cultivators"": 186, ""household_industry_workers"": 2, ""other_workers"": 90, ""children_0_6"": 271, ""non_working_population"": 1501, ""marginal_cultivators"": 0, ""marginal_agri_labourers"": 85}",SRC-GOI-CENSUS-2011,0.99,official
DEMO-035294-2011,LOC-VIL-035294,VIL-PB-035294,2011,1258,230,674,584,410,405,5,53.9,911,"{""agricultural_laborers"": 156, ""cultivators"": 96, ""household_industry_workers"": 1, ""other_workers"": 152, ""children_0_6"": 159, ""non_working_population"": 848, ""marginal_cultivators"": 1, ""marginal_agri_labourers"": 2}",SRC-GOI-CENSUS-2011,0.99,official
DEMO-035295-2011,LOC-VIL-035295,VIL-PB-035295,2011,4425,845,2342,2083,1890,1717,173,55.84,2151,"{""agricultural_laborers"": 1018, ""cultivators"": 342, ""household_industry_workers"": 85, ""other_workers"": 272, ""children_0_6"": 568, ""non_working_population"": 2535, ""marginal_cultivators"": 34, ""marginal_agri_labourers"": 75}",SRC-GOI-CENSUS-2011,0.99,official
DEMO-035296-2011,LOC-VIL-035296,VIL-PB-035296,2011,3085,611,1675,1410,1575,1291,284,58.02,1120,"{""agricultural_laborers"": 544, ""cultivators"": 470, ""household_industry_workers"": 13, ""other_workers"": 264, ""children_0_6"": 321, ""non_working_population"": 1510, ""marginal_cultivators"": 66, ""marginal_agri_labourers"": 126}",SRC-GOI-CENSUS-2011,0.99,official
DEMO-035297-2011,LOC-VIL-035297,VIL-PB-035297,2011,3502,630,1819,1683,1347,1074,273,55.28,1246,"{""agricultural_laborers"": 333, ""cultivators"": 615, ""household_industry_workers"": 3, ""other_workers"": 123, ""children_0_6"": 377, ""non_working_population"": 2155, ""marginal_cultivators"": 15, ""marginal_agri_labourers"": 225}",SRC-GOI-CENSUS-2011,0.99,official
DEMO-035298-2011,LOC-VIL-035298,VIL-PB-035298,2011,2411,443,1270,1141,954,705,249,55.33,924,"{""agricultural_laborers"": 247, ""cultivators"": 254, ""household_industry_workers"": 7, ""other_workers"": 197, ""children_0_6"": 267, ""non_working_population"": 1457, ""marginal_cultivators"": 23, ""marginal_agri_labourers"": 115}",SRC-GOI-CENSUS-2011,0.99,official
DEMO-035299-2011,LOC-VIL-035299,VIL-PB-035299,2011,1317,249,690,627,568,503,65,59.98,744,"{""agricultural_laborers"": 305, ""cultivators"": 115, ""household_industry_workers"": 3, ""other_workers"": 80, ""children_0_6"": 123, ""non_working_population"": 749, ""marginal_cultivators"": 8, ""marginal_agri_labourers"": 44}",SRC-GOI-CENSUS-2011,0.99,official
DEMO-035300-2011,LOC-VIL-035300,VIL-PB-035300,2011,2316,429,1219,1097,1233,1127,106,48.27,1092,"{""agricultural_laborers"": 733, ""cultivators"": 340, ""household_industry_workers"": 5, ""other_workers"": 49, ""children_0_6"": 235, ""non_working_population"": 1083, ""marginal_cultivators"": 0, ""marginal_agri_labourers"": 95}",SRC-GOI-CENSUS-2011,0.99,official
DEMO-035301-2011,LOC-VIL-035301,VIL-PB-035301,2011,2346,442,1255,1091,905,857,48,46.63,1345,"{""agricultural_laborers"": 550, ""cultivators"": 237, ""household_industry_workers"": 5, ""other_workers"": 65, ""children_0_6"": 317, ""non_working_population"": 1441, ""marginal_cultivators"": 6, ""marginal_agri_labourers"": 37}",SRC-GOI-CENSUS-2011,0.99,official
DEMO-035302-2011,LOC-VIL-035302,VIL-PB-035302,2011,2305,455,1209,1096,929,597,332,57.53,1027,"{""agricultural_laborers"": 101, ""cultivators"": 307, ""household_industry_workers"": 3, ""other_workers"": 186, ""children_0_6"": 272, ""non_working_population"": 1376, ""marginal_cultivators"": 1, ""marginal_agri_labourers"": 324}",SRC-GOI-CENSUS-2011,0.99,official
DEMO-035303-2011,LOC-VIL-035303,VIL-PB-035303,2011,4645,864,2395,2250,2393,1637,756,54.45,1081,"{""agricultural_laborers"": 383, ""cultivators"": 720, ""household_industry_workers"": 2, ""other_workers"": 532, ""children_0_6"": 491, ""non_working_population"": 2252, ""marginal_cultivators"": 26, ""marginal_agri_labourers"": 383}",SRC-GOI-CENSUS-2011,0.99,official
DEMO-035304-2011,LOC-VIL-035304,VIL-PB-035304,2011,3684,700,1927,1757,1644,1210,434,49.46,1582,"{""agricultural_laborers"": 575, ""cultivators"": 441, ""household_industry_workers"": 49, ""other_workers"": 145, ""children_0_6"": 478, ""non_working_population"": 2040, ""marginal_cultivators"": 15, ""marginal_agri_labourers"": 127}",SRC-GOI-CENSUS-2011,0.99,official
DEMO-035305-2011,LOC-VIL-035305,VIL-PB-035305,2011,1263,257,666,597,754,585,169,62.71,514,"{""agricultural_laborers"": 175, ""cultivators"": 161, ""household_industry_workers"": 12, ""other_workers"": 237, ""children_0_6"": 134, ""non_working_population"": 509, ""marginal_cultivators"": 5, ""marginal_agri_labourers"": 43}",SRC-GOI-CENSUS-2011,0.99,official
DEMO-035306-2011,LOC-VIL-035306,VIL-PB-035306,2011,13547,2639,7135,6412,4859,3999,860,57.61,6047,"{""agricultural_laborers"": 775, ""cultivators"": 615, ""household_industry_workers"": 121, ""other_workers"": 2488, ""children_0_6"": 1673, ""non_working_population"": 8688, ""marginal_cultivators"": 41, ""marginal_agri_labourers"": 251}",SRC-GOI-CENSUS-2011,0.99,official
DEMO-035307-2011,LOC-VIL-035307,VIL-PB-035307,2011,2666,525,1403,1263,1231,944,287,48.84,1300,"{""agricultural_laborers"": 364, ""cultivators"": 173, ""household_industry_workers"": 7, ""other_workers"": 400, ""children_0_6"": 280, ""non_working_population"": 1435, ""marginal_cultivators"": 15, ""marginal_agri_labourers"": 152}",SRC-GOI-CENSUS-2011,0.99,official
DEMO-035308-2011,LOC-VIL-035308,VIL-PB-035308,2011,2459,477,1310,1149,1135,895,240,47.09,1119,"{""agricultural_laborers"": 512, ""cultivators"": 247, ""household_industry_workers"": 0, ""other_workers"": 136, ""children_0_6"": 253, ""non_working_population"": 1324, ""marginal_cultivators"": 7, ""marginal_agri_labourers"": 172}",SRC-GOI-CENSUS-2011,0.99,official
DEMO-035309-2011,LOC-VIL-035309,VIL-PB-035309,2011,5072,934,2655,2417,2035,1783,252,48.54,2957,"{""agricultural_laborers"": 1017, ""cultivators"": 366, ""household_industry_workers"": 7, ""other_workers"": 393, ""children_0_6"": 640, ""non_working_population"": 3037, ""marginal_cultivators"": 3, ""marginal_agri_labourers"": 228}",SRC-GOI-CENSUS-2011,0.99,official
DEMO-035310-2011,LOC-VIL-035310,VIL-PB-035310,2011,2127,433,1104,1023,799,730,69,57.22,818,"{""agricultural_laborers"": 295, ""cultivators"": 290, ""household_industry_workers"": 7, ""other_workers"": 138, ""children_0_6"": 222, ""non_working_population"": 1328, ""marginal_cultivators"": 3, ""marginal_agri_labourers"": 46}",SRC-GOI-CENSUS-2011,0.99,official
DEMO-035311-2011,LOC-VIL-035311,VIL-PB-035311,2011,2069,392,1091,978,909,805,104,51.09,960,"{""agricultural_laborers"": 261, ""cultivators"": 301, ""household_industry_workers"": 3, ""other_workers"": 240, ""children_0_6"": 262, ""non_working_population"": 1160, ""marginal_cultivators"": 6, ""marginal_agri_labourers"": 89}",SRC-GOI-CENSUS-2011,0.99,official
DEMO-035312-2011,LOC-VIL-035312,VIL-PB-035312,2011,3473,686,1863,1610,1524,1356,168,59.49,1279,"{""agricultural_laborers"": 353, ""cultivators"": 219, ""household_industry_workers"": 23, ""other_workers"": 761, ""children_0_6"": 412, ""non_working_population"": 1949, ""marginal_cultivators"": 8, ""marginal_agri_labourers"": 110}",SRC-GOI-CENSUS-2011,0.99,official
DEMO-035313-2011,LOC-VIL-035313,VIL-PB-035313,2011,1084,188,589,495,417,308,109,55.44,448,"{""agricultural_laborers"": 85, ""cultivators"": 148, ""household_industry_workers"": 1, ""other_workers"": 74, ""children_0_6"": 130, ""non_working_population"": 667, ""marginal_cultivators"": 3, ""marginal_agri_labourers"": 97}",SRC-GOI-CENSUS-2011,0.99,official
DEMO-035314-2011,LOC-VIL-035314,VIL-PB-035314,2011,2401,464,1234,1167,931,810,121,55.02,1111,"{""agricultural_laborers"": 315, ""cultivators"": 334, ""household_industry_workers"": 8, ""other_workers"": 153, ""children_0_6"": 294, ""non_working_population"": 1470, ""marginal_cultivators"": 1, ""marginal_agri_labourers"": 116}",SRC-GOI-CENSUS-2011,0.99,official
DEMO-035315-2011,LOC-VIL-035315,VIL-PB-035315,2011,5053,971,2602,2451,1744,1454,290,55.21,2793,"{""agricultural_laborers"": 620, ""cultivators"": 351, ""household_industry_workers"": 29, ""other_workers"": 454, ""children_0_6"": 563, ""non_working_population"": 3309, ""marginal_cultivators"": 16, ""marginal_agri_labourers"": 222}",SRC-GOI-CENSUS-2011,0.99,official
DEMO-035316-2011,LOC-VIL-035316,VIL-PB-035316,2011,3198,629,1662,1536,1162,1102,60,54.47,1442,"{""agricultural_laborers"": 464, ""cultivators"": 520, ""household_industry_workers"": 8, ""other_workers"": 110, ""children_0_6"": 362, ""non_working_population"": 2036, ""marginal_cultivators"": 10, ""marginal_agri_labourers"": 47}",SRC-GOI-CENSUS-2011,0.99,official
DEMO-035317-2011,LOC-VIL-035317,VIL-PB-035317,2011,6529,1282,3403,3126,2290,1939,351,48.92,3804,"{""agricultural_laborers"": 968, ""cultivators"": 510, ""household_industry_workers"": 17, ""other_workers"": 444, ""children_0_6"": 760, ""non_working_population"": 4239, ""marginal_cultivators"": 7, ""marginal_agri_labourers"": 290}",SRC-GOI-CENSUS-2011,0.99,official
DEMO-035318-2011,LOC-VIL-035318,VIL-PB-035318,2011,1907,373,980,927,1090,651,439,58.52,1157,"{""agricultural_laborers"": 259, ""cultivators"": 190, ""household_industry_workers"": 1, ""other_workers"": 201, ""children_0_6"": 207, ""non_working_population"": 817, ""marginal_cultivators"": 3, ""marginal_agri_labourers"": 20}",SRC-GOI-CENSUS-2011,0.99,official
DEMO-035319-2011,LOC-VIL-035319,VIL-PB-035319,2011,4942,947,2611,2331,1873,1468,405,54.86,2021,"{""agricultural_laborers"": 482, ""cultivators"": 683, ""household_industry_workers"": 11, ""other_workers"": 292, ""children_0_6"": 572, ""non_working_population"": 3069, ""marginal_cultivators"": 13, ""marginal_agri_labourers"": 317}",SRC-GOI-CENSUS-2011,0.99,official
DEMO-035320-2011,LOC-VIL-035320,VIL-PB-035320,2011,1362,261,731,631,591,471,120,53.38,659,"{""agricultural_laborers"": 173, ""cultivators"": 167, ""household_industry_workers"": 2, ""other_workers"": 129, ""children_0_6"": 135, ""non_working_population"": 771, ""marginal_cultivators"": 6, ""marginal_agri_labourers"": 104}",SRC-GOI-CENSUS-2011,0.99,official
DEMO-035240-2011,LOC-VIL-035240,VIL-PB-035240,2011,3838,672,2013,1825,1540,1199,341,55.52,1817,"{""agricultural_laborers"": 319, ""cultivators"": 538, ""household_industry_workers"": 3, ""other_workers"": 339, ""children_0_6"": 469, ""non_working_population"": 2298, ""marginal_cultivators"": 29, ""marginal_agri_labourers"": 250}",SRC-GOI-CENSUS-2011,0.99,official
DEMO-035241-2011,LOC-VIL-035241,VIL-PB-035241,2011,2782,520,1469,1313,1097,849,248,55.46,1590,"{""agricultural_laborers"": 323, ""cultivators"": 361, ""household_industry_workers"": 3, ""other_workers"": 162, ""children_0_6"": 365, ""non_working_population"": 1685, ""marginal_cultivators"": 7, ""marginal_agri_labourers"": 142}",SRC-GOI-CENSUS-2011,0.99,official
DEMO-035242-2011,LOC-VIL-035242,VIL-PB-035242,2011,5256,960,2765,2491,2103,1563,540,59.44,2929,"{""agricultural_laborers"": 571, ""cultivators"": 465, ""household_industry_workers"": 14, ""other_workers"": 513, ""children_0_6"": 661, ""non_working_population"": 3153, ""marginal_cultivators"": 9, ""marginal_agri_labourers"": 499}",SRC-GOI-CENSUS-2011,0.99,official
DEMO-035243-2011,LOC-VIL-035243,VIL-PB-035243,2011,2110,389,1120,990,830,726,104,65.88,720,"{""agricultural_laborers"": 228, ""cultivators"": 326, ""household_industry_workers"": 7, ""other_workers"": 165, ""children_0_6"": 197, ""non_working_population"": 1280, ""marginal_cultivators"": 18, ""marginal_agri_labourers"": 58}",SRC-GOI-CENSUS-2011,0.99,official
DEMO-035244-2011,LOC-VIL-035244,VIL-PB-035244,2011,2558,495,1356,1202,979,958,21,58.64,747,"{""agricultural_laborers"": 126, ""cultivators"": 426, ""household_industry_workers"": 11, ""other_workers"": 395, ""children_0_6"": 299, ""non_working_population"": 1579, ""marginal_cultivators"": 1, ""marginal_agri_labourers"": 3}",SRC-GOI-CENSUS-2011,0.99,official
DEMO-035245-2011,LOC-VIL-035245,VIL-PB-035245,2011,2323,420,1227,1096,889,835,54,53.59,1253,"{""agricultural_laborers"": 446, ""cultivators"": 158, ""household_industry_workers"": 54, ""other_workers"": 177, ""children_0_6"": 297, ""non_working_population"": 1434, ""marginal_cultivators"": 3, ""marginal_agri_labourers"": 38}",SRC-GOI-CENSUS-2011,0.99,official
DEMO-035246-2011,LOC-VIL-035246,VIL-PB-035246,2011,2499,467,1299,1200,845,815,30,59.66,919,"{""agricultural_laborers"": 293, ""cultivators"": 453, ""household_industry_workers"": 6, ""other_workers"": 63, ""children_0_6"": 282, ""non_working_population"": 1654, ""marginal_cultivators"": 14, ""marginal_agri_labourers"": 10}",SRC-GOI-CENSUS-2011,0.99,official
DEMO-035247-2011,LOC-VIL-035247,VIL-PB-035247,2011,2355,463,1246,1109,898,749,149,59.32,1245,"{""agricultural_laborers"": 249, ""cultivators"": 188, ""household_industry_workers"": 11, ""other_workers"": 301, ""children_0_6"": 303, ""non_working_population"": 1457, ""marginal_cultivators"": 0, ""marginal_agri_labourers"": 145}",SRC-GOI-CENSUS-2011,0.99,official
DEMO-035248-2011,LOC-VIL-035248,VIL-PB-035248,2011,1846,341,973,873,616,616,0,57.85,552,"{""agricultural_laborers"": 190, ""cultivators"": 225, ""household_industry_workers"": 0, ""other_workers"": 201, ""children_0_6"": 223, ""non_working_population"": 1230, ""marginal_cultivators"": 0, ""marginal_agri_labourers"": 0}",SRC-GOI-CENSUS-2011,0.99,official
DEMO-035249-2011,LOC-VIL-035249,VIL-PB-035249,2011,1596,311,852,744,731,693,38,56.39,443,"{""agricultural_laborers"": 77, ""cultivators"": 560, ""household_industry_workers"": 15, ""other_workers"": 41, ""children_0_6"": 152, ""non_working_population"": 865, ""marginal_cultivators"": 9, ""marginal_agri_labourers"": 19}",SRC-GOI-CENSUS-2011,0.99,official
DEMO-035250-2011,LOC-VIL-035250,VIL-PB-035250,2011,5597,949,2954,2643,1966,1739,227,59.05,2194,"{""agricultural_laborers"": 621, ""cultivators"": 840, ""household_industry_workers"": 18, ""other_workers"": 260, ""children_0_6"": 636, ""non_working_population"": 3631, ""marginal_cultivators"": 23, ""marginal_agri_labourers"": 132}",SRC-GOI-CENSUS-2011,0.99,official
DEMO-035251-2011,LOC-VIL-035251,VIL-PB-035251,2011,2041,354,1074,967,704,617,87,58.99,1269,"{""agricultural_laborers"": 303, ""cultivators"": 163, ""household_industry_workers"": 6, ""other_workers"": 145, ""children_0_6"": 232, ""non_working_population"": 1337, ""marginal_cultivators"": 1, ""marginal_agri_labourers"": 61}",SRC-GOI-CENSUS-2011,0.99,official
DEMO-035252-2011,LOC-VIL-035252,VIL-PB-035252,2011,5254,1027,2746,2508,1929,1685,244,54.51,2891,"{""agricultural_laborers"": 938, ""cultivators"": 478, ""household_industry_workers"": 23, ""other_workers"": 246, ""children_0_6"": 640, ""non_working_population"": 3325, ""marginal_cultivators"": 15, ""marginal_agri_labourers"": 187}",SRC-GOI-CENSUS-2011,0.99,official
DEMO-035253-2011,LOC-VIL-035253,VIL-PB-035253,2011,1609,319,860,749,709,540,169,59.48,301,"{""agricultural_laborers"": 105, ""cultivators"": 319, ""household_industry_workers"": 2, ""other_workers"": 114, ""children_0_6"": 191, ""non_working_population"": 900, ""marginal_cultivators"": 135, ""marginal_agri_labourers"": 7}",SRC-GOI-CENSUS-2011,0.99,official
DEMO-035254-2011,LOC-VIL-035254,VIL-PB-035254,2011,3401,637,1795,1606,1161,884,277,57.25,1387,"{""agricultural_laborers"": 268, ""cultivators"": 485, ""household_industry_workers"": 4, ""other_workers"": 127, ""children_0_6"": 436, ""non_working_population"": 2240, ""marginal_cultivators"": 12, ""marginal_agri_labourers"": 242}",SRC-GOI-CENSUS-2011,0.99,official
DEMO-035255-2011,LOC-VIL-035255,VIL-PB-035255,2011,3324,587,1749,1575,1171,1085,86,58.78,594,"{""agricultural_laborers"": 286, ""cultivators"": 635, ""household_industry_workers"": 26, ""other_workers"": 138, ""children_0_6"": 376, ""non_working_population"": 2153, ""marginal_cultivators"": 7, ""marginal_agri_labourers"": 22}",SRC-GOI-CENSUS-2011,0.99,official
DEMO-035256-2011,LOC-VIL-035256,VIL-PB-035256,2011,1468,277,791,677,680,621,59,62.26,783,"{""agricultural_laborers"": 351, ""cultivators"": 188, ""household_industry_workers"": 1, ""other_workers"": 81, ""children_0_6"": 172, ""non_working_population"": 788, ""marginal_cultivators"": 5, ""marginal_agri_labourers"": 51}",SRC-GOI-CENSUS-2011,0.99,official
DEMO-035257-2011,LOC-VIL-035257,VIL-PB-035257,2011,2032,400,1084,948,978,840,138,62.16,973,"{""agricultural_laborers"": 320, ""cultivators"": 247, ""household_industry_workers"": 2, ""other_workers"": 271, ""children_0_6"": 233, ""non_working_population"": 1054, ""marginal_cultivators"": 4, ""marginal_agri_labourers"": 101}",SRC-GOI-CENSUS-2011,0.99,official
DEMO-035258-2011,LOC-VIL-035258,VIL-PB-035258,2011,3188,623,1643,1545,1376,822,554,57.78,1842,"{""agricultural_laborers"": 305, ""cultivators"": 214, ""household_industry_workers"": 30, ""other_workers"": 273, ""children_0_6"": 350, ""non_working_population"": 1812, ""marginal_cultivators"": 63, ""marginal_agri_labourers"": 355}",SRC-GOI-CENSUS-2011,0.99,official
DEMO-035259-2011,LOC-VIL-035259,VIL-PB-035259,2011,3085,623,1657,1428,1102,961,141,58.06,1181,"{""agricultural_laborers"": 282, ""cultivators"": 471, ""household_industry_workers"": 8, ""other_workers"": 200, ""children_0_6"": 353, ""non_working_population"": 1983, ""marginal_cultivators"": 10, ""marginal_agri_labourers"": 90}",SRC-GOI-CENSUS-2011,0.99,official
DEMO-035260-2011,LOC-VIL-035260,VIL-PB-035260,2011,3061,559,1584,1477,1018,970,48,57.04,1515,"{""agricultural_laborers"": 478, ""cultivators"": 378, ""household_industry_workers"": 5, ""other_workers"": 109, ""children_0_6"": 350, ""non_working_population"": 2043, ""marginal_cultivators"": 2, ""marginal_agri_labourers"": 41}",SRC-GOI-CENSUS-2011,0.99,official
DEMO-035261-2011,LOC-VIL-035261,VIL-PB-035261,2011,2435,444,1254,1181,1043,609,434,48.75,1635,"{""agricultural_laborers"": 275, ""cultivators"": 204, ""household_industry_workers"": 27, ""other_workers"": 103, ""children_0_6"": 282, ""non_working_population"": 1392, ""marginal_cultivators"": 31, ""marginal_agri_labourers"": 347}",SRC-GOI-CENSUS-2011,0.99,official
DEMO-035262-2011,LOC-VIL-035262,VIL-PB-035262,2011,4324,854,2292,2032,1789,1159,630,50.21,2580,"{""agricultural_laborers"": 625, ""cultivators"": 383, ""household_industry_workers"": 13, ""other_workers"": 138, ""children_0_6"": 439, ""non_working_population"": 2535, ""marginal_cultivators"": 20, ""marginal_agri_labourers"": 562}",SRC-GOI-CENSUS-2011,0.99,official
DEMO-035263-2011,LOC-VIL-035263,VIL-PB-035263,2011,3977,754,2125,1852,1613,1462,151,53.26,2400,"{""agricultural_laborers"": 821, ""cultivators"": 381, ""household_industry_workers"": 3, ""other_workers"": 257, ""children_0_6"": 376, ""non_working_population"": 2364, ""marginal_cultivators"": 23, ""marginal_agri_labourers"": 100}",SRC-GOI-CENSUS-2011,0.99,official
DEMO-035264-2011,LOC-VIL-035264,VIL-PB-035264,2011,2649,531,1364,1285,924,867,57,53.49,1323,"{""agricultural_laborers"": 410, ""cultivators"": 361, ""household_industry_workers"": 21, ""other_workers"": 75, ""children_0_6"": 301, ""non_working_population"": 1725, ""marginal_cultivators"": 11, ""marginal_agri_labourers"": 15}",SRC-GOI-CENSUS-2011,0.99,official
DEMO-035265-2011,LOC-VIL-035265,VIL-PB-035265,2011,3256,591,1705,1551,1200,987,213,53.35,1725,"{""agricultural_laborers"": 526, ""cultivators"": 301, ""household_industry_workers"": 76, ""other_workers"": 84, ""children_0_6"": 379, ""non_working_population"": 2056, ""marginal_cultivators"": 21, ""marginal_agri_labourers"": 146}",SRC-GOI-CENSUS-2011,0.99,official
DEMO-035266-2011,LOC-VIL-035266,VIL-PB-035266,2011,1857,309,954,903,835,593,242,57.24,826,"{""agricultural_laborers"": 206, ""cultivators"": 297, ""household_industry_workers"": 34, ""other_workers"": 56, ""children_0_6"": 206, ""non_working_population"": 1022, ""marginal_cultivators"": 19, ""marginal_agri_labourers"": 188}",SRC-GOI-CENSUS-2011,0.99,official
DEMO-035267-2011,LOC-VIL-035267,VIL-PB-035267,2011,1749,327,905,844,600,512,88,57.63,950,"{""agricultural_laborers"": 183, ""cultivators"": 201, ""household_industry_workers"": 7, ""other_workers"": 121, ""children_0_6"": 218, ""non_working_population"": 1149, ""marginal_cultivators"": 1, ""marginal_agri_labourers"": 43}",SRC-GOI-CENSUS-2011,0.99,official
DEMO-035268-2011,LOC-VIL-035268,VIL-PB-035268,2011,2000,390,1031,969,615,382,233,54.9,1082,"{""agricultural_laborers"": 152, ""cultivators"": 185, ""household_industry_workers"": 7, ""other_workers"": 38, ""children_0_6"": 254, ""non_working_population"": 1385, ""marginal_cultivators"": 10, ""marginal_agri_labourers"": 215}",SRC-GOI-CENSUS-2011,0.99,official
DEMO-035269-2011,LOC-VIL-035269,VIL-PB-035269,2011,1316,258,676,640,455,404,51,62.84,545,"{""agricultural_laborers"": 144, ""cultivators"": 190, ""household_industry_workers"": 2, ""other_workers"": 68, ""children_0_6"": 125, ""non_working_population"": 861, ""marginal_cultivators"": 3, ""marginal_agri_labourers"": 14}",SRC-GOI-CENSUS-2011,0.99,official
DEMO-035270-2011,LOC-VIL-035270,VIL-PB-035270,2011,807,169,402,405,272,265,7,50.81,498,"{""agricultural_laborers"": 171, ""cultivators"": 43, ""household_industry_workers"": 3, ""other_workers"": 48, ""children_0_6"": 110, ""non_working_population"": 535, ""marginal_cultivators"": 0, ""marginal_agri_labourers"": 3}",SRC-GOI-CENSUS-2011,0.99,official
DEMO-035271-2011,LOC-VIL-035271,VIL-PB-035271,2011,5023,1032,2626,2397,1923,1514,409,49.43,2541,"{""agricultural_laborers"": 643, ""cultivators"": 515, ""household_industry_workers"": 17, ""other_workers"": 339, ""children_0_6"": 559, ""non_working_population"": 3100, ""marginal_cultivators"": 10, ""marginal_agri_labourers"": 304}",SRC-GOI-CENSUS-2011,0.99,official
DEMO-035272-2011,LOC-VIL-035272,VIL-PB-035272,2011,2940,570,1545,1395,1038,837,201,53.64,1093,"{""agricultural_laborers"": 238, ""cultivators"": 291, ""household_industry_workers"": 22, ""other_workers"": 286, ""children_0_6"": 375, ""non_working_population"": 1902, ""marginal_cultivators"": 8, ""marginal_agri_labourers"": 66}",SRC-GOI-CENSUS-2011,0.99,official
DEMO-035273-2011,LOC-VIL-035273,VIL-PB-035273,2011,3746,739,2007,1739,1324,1189,135,55.9,1316,"{""agricultural_laborers"": 360, ""cultivators"": 426, ""household_industry_workers"": 62, ""other_workers"": 341, ""children_0_6"": 449, ""non_working_population"": 2422, ""marginal_cultivators"": 37, ""marginal_agri_labourers"": 8}",SRC-GOI-CENSUS-2011,0.99,official
DEMO-035274-2011,LOC-VIL-035274,VIL-PB-035274,2011,1696,347,891,805,603,533,70,53.18,1083,"{""agricultural_laborers"": 305, ""cultivators"": 145, ""household_industry_workers"": 2, ""other_workers"": 81, ""children_0_6"": 197, ""non_working_population"": 1093, ""marginal_cultivators"": 1, ""marginal_agri_labourers"": 60}",SRC-GOI-CENSUS-2011,0.99,official
DEMO-035275-2011,LOC-VIL-035275,VIL-PB-035275,2011,8732,1772,4619,4113,2901,2519,382,58.47,3865,"{""agricultural_laborers"": 1012, ""cultivators"": 625, ""household_industry_workers"": 29, ""other_workers"": 853, ""children_0_6"": 1018, ""non_working_population"": 5831, ""marginal_cultivators"": 10, ""marginal_agri_labourers"": 182}",SRC-GOI-CENSUS-2011,0.99,official
DEMO-035276-2011,LOC-VIL-035276,VIL-PB-035276,2011,1855,346,976,879,676,529,147,51.97,824,"{""agricultural_laborers"": 71, ""cultivators"": 210, ""household_industry_workers"": 3, ""other_workers"": 245, ""children_0_6"": 215, ""non_working_population"": 1179, ""marginal_cultivators"": 0, ""marginal_agri_labourers"": 23}",SRC-GOI-CENSUS-2011,0.99,official
DEMO-035277-2011,LOC-VIL-035277,VIL-PB-035277,2011,942,187,482,460,300,230,70,51.59,620,"{""agricultural_laborers"": 99, ""cultivators"": 60, ""household_industry_workers"": 1, ""other_workers"": 70, ""children_0_6"": 105, ""non_working_population"": 642, ""marginal_cultivators"": 1, ""marginal_agri_labourers"": 52}",SRC-GOI-CENSUS-2011,0.99,official
DEMO-035278-2011,LOC-VIL-035278,VIL-PB-035278,2011,3726,708,1944,1782,1487,1250,237,51.72,1838,"{""agricultural_laborers"": 493, ""cultivators"": 400, ""household_industry_workers"": 43, ""other_workers"": 314, ""children_0_6"": 467, ""non_working_population"": 2239, ""marginal_cultivators"": 12, ""marginal_agri_labourers"": 168}",SRC-GOI-CENSUS-2011,0.99,official
DEMO-035279-2011,LOC-VIL-035279,VIL-PB-035279,2011,826,159,438,388,279,278,1,55.69,515,"{""agricultural_laborers"": 121, ""cultivators"": 52, ""household_industry_workers"": 0, ""other_workers"": 105, ""children_0_6"": 109, ""non_working_population"": 547, ""marginal_cultivators"": 0, ""marginal_agri_labourers"": 1}",SRC-GOI-CENSUS-2011,0.99,official
DEMO-035280-2011,LOC-VIL-035280,VIL-PB-035280,2011,3133,548,1655,1478,1146,1081,65,54.13,1440,"{""agricultural_laborers"": 347, ""cultivators"": 291, ""household_industry_workers"": 21, ""other_workers"": 422, ""children_0_6"": 347, ""non_working_population"": 1987, ""marginal_cultivators"": 1, ""marginal_agri_labourers"": 27}",SRC-GOI-CENSUS-2011,0.99,official
DEMO-035281-2011,LOC-VIL-035281,VIL-PB-035281,2011,1582,305,826,756,507,475,32,47.72,1036,"{""agricultural_laborers"": 83, ""cultivators"": 108, ""household_industry_workers"": 0, ""other_workers"": 284, ""children_0_6"": 216, ""non_working_population"": 1075, ""marginal_cultivators"": 6, ""marginal_agri_labourers"": 9}",SRC-GOI-CENSUS-2011,0.99,official
DEMO-035282-2011,LOC-VIL-035282,VIL-PB-035282,2011,1189,246,620,569,407,375,32,55.34,683,"{""agricultural_laborers"": 157, ""cultivators"": 129, ""household_industry_workers"": 0, ""other_workers"": 89, ""children_0_6"": 135, ""non_working_population"": 782, ""marginal_cultivators"": 2, ""marginal_agri_labourers"": 10}",SRC-GOI-CENSUS-2011,0.99,official
DEMO-035283-2011,LOC-VIL-035283,VIL-PB-035283,2011,1940,388,1053,887,729,557,172,66.08,984,"{""agricultural_laborers"": 106, ""cultivators"": 167, ""household_industry_workers"": 19, ""other_workers"": 265, ""children_0_6"": 198, ""non_working_population"": 1211, ""marginal_cultivators"": 10, ""marginal_agri_labourers"": 97}",SRC-GOI-CENSUS-2011,0.99,official
DEMO-035284-2011,LOC-VIL-035284,VIL-PB-035284,2011,2475,451,1288,1187,1144,1108,36,56.73,1484,"{""agricultural_laborers"": 726, ""cultivators"": 201, ""household_industry_workers"": 5, ""other_workers"": 176, ""children_0_6"": 306, ""non_working_population"": 1331, ""marginal_cultivators"": 2, ""marginal_agri_labourers"": 7}",SRC-GOI-CENSUS-2011,0.99,official
DEMO-035363-2011,LOC-VIL-035363,VIL-PB-035363,2011,579,116,307,272,194,152,42,66.15,150,"{""agricultural_laborers"": 4, ""cultivators"": 111, ""household_industry_workers"": 0, ""other_workers"": 37, ""children_0_6"": 67, ""non_working_population"": 385, ""marginal_cultivators"": 0, ""marginal_agri_labourers"": 2}",SRC-GOI-CENSUS-2011,0.99,official
DEMO-035368-2011,LOC-VIL-035368,VIL-PB-035368,2011,1701,337,897,804,705,670,35,53.91,840,"{""agricultural_laborers"": 397, ""cultivators"": 197, ""household_industry_workers"": 5, ""other_workers"": 71, ""children_0_6"": 205, ""non_working_population"": 996, ""marginal_cultivators"": 6, ""marginal_agri_labourers"": 20}",SRC-GOI-CENSUS-2011,0.99,official
DEMO-035369-2011,LOC-VIL-035369,VIL-PB-035369,2011,2200,411,1177,1023,709,659,50,63.45,1008,"{""agricultural_laborers"": 241, ""cultivators"": 265, ""household_industry_workers"": 2, ""other_workers"": 151, ""children_0_6"": 218, ""non_working_population"": 1491, ""marginal_cultivators"": 1, ""marginal_agri_labourers"": 11}",SRC-GOI-CENSUS-2011,0.99,official
DEMO-035370-2011,LOC-VIL-035370,VIL-PB-035370,2011,2653,512,1424,1229,1011,932,79,55.6,905,"{""agricultural_laborers"": 452, ""cultivators"": 388, ""household_industry_workers"": 14, ""other_workers"": 78, ""children_0_6"": 283, ""non_working_population"": 1642, ""marginal_cultivators"": 7, ""marginal_agri_labourers"": 17}",SRC-GOI-CENSUS-2011,0.99,official
DEMO-035372-2011,LOC-VIL-035372,VIL-PB-035372,2011,1264,230,627,637,367,361,6,59.02,566,"{""agricultural_laborers"": 128, ""cultivators"": 192, ""household_industry_workers"": 3, ""other_workers"": 38, ""children_0_6"": 143, ""non_working_population"": 897, ""marginal_cultivators"": 1, ""marginal_agri_labourers"": 5}",SRC-GOI-CENSUS-2011,0.99,official
DEMO-035374-2011,LOC-VIL-035374,VIL-PB-035374,2011,1056,187,575,481,382,374,8,52.27,569,"{""agricultural_laborers"": 164, ""cultivators"": 141, ""household_industry_workers"": 3, ""other_workers"": 66, ""children_0_6"": 121, ""non_working_population"": 674, ""marginal_cultivators"": 1, ""marginal_agri_labourers"": 4}",SRC-GOI-CENSUS-2011,0.99,official
DEMO-035375-2011,LOC-VIL-035375,VIL-PB-035375,2011,4134,795,2190,1944,1418,1308,110,54.98,1644,"{""agricultural_laborers"": 481, ""cultivators"": 616, ""household_industry_workers"": 31, ""other_workers"": 180, ""children_0_6"": 444, ""non_working_population"": 2716, ""marginal_cultivators"": 10, ""marginal_agri_labourers"": 84}",SRC-GOI-CENSUS-2011,0.99,official
DEMO-033886-2011,LOC-VIL-033886,VIL-PB-033886,2011,4812,935,2540,2272,1640,1395,245,78.4,1620,"{""agricultural_laborers"": 430, ""cultivators"": 610, ""household_industry_workers"": 45}",SRC-GOI-CENSUS-2011,0.98,official
DEMO-033756-2011,LOC-VIL-033756,VIL-PB-033756,2011,5890,1120,3120,2770,1950,1720,230,79.5,1850,"{""agricultural_laborers"": 510, ""cultivators"": 740, ""household_industry_workers"": 55}",SRC-GOI-CENSUS-2011,0.98,official
DEMO-033758-2011,LOC-VIL-033758,VIL-PB-033758,2011,3420,670,1810,1610,1180,1020,160,81.0,1100,"{""agricultural_laborers"": 310, ""cultivators"": 480, ""household_industry_workers"": 30}",SRC-GOI-CENSUS-2011,0.98,official
DEMO-033760-2011,LOC-VIL-033760,VIL-PB-033760,2011,5210,995,2760,2450,1780,1540,240,77.8,1740,"{""agricultural_laborers"": 490, ""cultivators"": 680, ""household_industry_workers"": 50}",SRC-GOI-CENSUS-2011,0.98,official
DEMO-033278-2011,LOC-VIL-033278,VIL-PB-033278,2011,3120,598,1650,1470,1080,920,160,81.2,980,"{""agricultural_laborers"": 290, ""cultivators"": 380, ""household_industry_workers"": 30}",SRC-GOI-CENSUS-2011,0.98,official
DEMO-033210-2011,LOC-VIL-033210,VIL-PB-033210,2011,4250,810,2240,2010,1460,1280,180,82.5,1320,"{""agricultural_laborers"": 360, ""cultivators"": 520, ""household_industry_workers"": 45}",SRC-GOI-CENSUS-2011,0.98,official
DEMO-033181-2011,LOC-VIL-033181,VIL-PB-033181,2011,2780,540,1470,1310,960,830,130,80.1,890,"{""agricultural_laborers"": 250, ""cultivators"": 340, ""household_industry_workers"": 25}",SRC-GOI-CENSUS-2011,0.98,official
DEMO-033540-2011,LOC-VIL-033540,VIL-PB-033540,2011,6450,1280,3410,3040,2230,1950,280,79.8,2150,"{""agricultural_laborers"": 510, ""cultivators"": 720, ""household_industry_workers"": 80}",SRC-GOI-CENSUS-2011,0.98,official
DEMO-033735-2011,LOC-VIL-033735,VIL-PB-033735,2011,3890,745,2045,1845,1320,1130,190,76.5,1340,"{""agricultural_laborers"": 395, ""cultivators"": 510, ""household_industry_workers"": 40}",SRC-GOI-CENSUS-2011,0.98,official
DEMO-033675-2011,LOC-VIL-033675,VIL-PB-033675,2011,7820,1540,4120,3700,2850,2510,340,83.2,2480,"{""agricultural_laborers"": 490, ""cultivators"": 610, ""household_industry_workers"": 120}",SRC-GOI-CENSUS-2011,0.98,official
DEMO-033105-2011,LOC-VIL-033105,VIL-PB-033105,2011,1980,385,1050,930,690,595,95,79.2,620,"{""agricultural_laborers"": 190, ""cultivators"": 260, ""household_industry_workers"": 20}",SRC-GOI-CENSUS-2011,0.98,official
DEMO-033004-2011,LOC-VIL-033004,VIL-PB-033004,2011,1420,275,750,670,495,430,65,81.5,450,"{""agricultural_laborers"": 140, ""cultivators"": 190, ""household_industry_workers"": 15}",SRC-GOI-CENSUS-2011,0.98,official
DEMO-031201-2011,LOC-VIL-031201,VIL-PB-031201,2011,4150,790,2190,1960,1420,1230,190,76.8,1410,"{""agricultural_laborers"": 410, ""cultivators"": 540, ""household_industry_workers"": 40}",SRC-GOI-CENSUS-2011,0.98,official
DEMO-032450-2011,LOC-VIL-032450,VIL-PB-032450,2011,3680,710,1930,1750,1280,1110,170,84.1,1190,"{""agricultural_laborers"": 320, ""cultivators"": 460, ""household_industry_workers"": 35}",SRC-GOI-CENSUS-2011,0.98,official
DEMO-034890-2011,LOC-VIL-034890,VIL-PB-034890,2011,2940,560,1560,1380,1040,890,150,72.4,1020,"{""agricultural_laborers"": 340, ""cultivators"": 410, ""household_industry_workers"": 25}",SRC-GOI-CENSUS-2011,0.98,official
DEMO-030510-2011,LOC-VIL-030510,VIL-PB-030510,2011,2530,490,1320,1210,880,760,120,85.6,780,"{""agricultural_laborers"": 220, ""cultivators"": 310, ""household_industry_workers"": 30}",SRC-GOI-CENSUS-2011,0.98,official
