id,name,category,business_category_id,unit,min_cost,typical_cost,max_cost,currency,price_date,vendor_or_source,source_id,confidence,notes,data_status
EQP-BMC-1000L,Bulk Milk Chiller (BMC) - 1000 Liters Capacity,Dairy Processing Equipment,CAT-DAIRY,unit,320000.0,380000.0,450000.0,INR,2025-10-01,"SS304 Direct Expansion Chiller, Triangulated Ludhiana Dairy Fab",SRC-VEND-EQUIP-REF,0.92,Food-grade stainless steel with digital temperature controller and condensing unit.,verified
EQP-PANEER-PRESS,Pneumatic Double-Head Paneer Press & Vat (50 kg batch),Dairy Processing Equipment,CAT-DAIRY,unit,65000.0,85000.0,110000.0,INR,2025-10-01,"Semi-automatic pneumatic press, Ludhiana Fabricators",SRC-VEND-EQUIP-REF,0.9,"Includes SS moulds, pneumatic pressure cylinder, and curd straining vat.",verified
EQP-MILK-CAN-TESTER,Automated Ultrasonic Milk Analyzer & 10x SS Milk Cans (40L),Dairy Testing & Handling,CAT-DAIRY,set,45000.0,60000.0,75000.0,INR,2025-10-01,EkoMilk / Lactoscan certified distributor quote,SRC-VEND-EQUIP-REF,0.93,"Rapid measurement of Fat, SNF, density, added water within 40 seconds.",verified
EQP-CHAKKI-PULVERIZER,Commercial 24-Inch Heavy-Duty Atta Chakki + Dust Cyclone,Grain Processing Machinery,CAT-AGRO-FOOD,unit,120000.0,150000.0,185000.0,INR,2025-10-01,15 HP 3-Phase Electric Motor Chakki with natural emery stone,SRC-VEND-EQUIP-REF,0.94,Throughput capacity: 120-150 kg/hour whole wheat flour.,verified
EQP-PACKAGING-SEALER,Continuous Band Sealer with Nitrogen Flushing & Batch Coder,Packaging Machinery,CAT-AGRO-FOOD,unit,45000.0,60000.0,75000.0,INR,2025-10-01,Commercial packaging machinery benchmark,SRC-VEND-EQUIP-REF,0.91,Suitable for airtight 1kg to 10kg grain/flour/spice pouches.,verified
EQP-CLEANER-DESTOONER,Grain Cleaner & Vibro Destoner (500 kg/hr),Grain Pre-Processing,CAT-AGRO-FOOD,unit,85000.0,110000.0,140000.0,INR,2025-10-01,"Agro-industrial machinery maker, Ludhiana",SRC-VEND-EQUIP-REF,0.92,"Removes stones, dust, husk from raw wheat/paddy prior to milling.",verified
EQP-TRACTOR-50HP,50 HP Utility Agricultural Tractor (4WD),Farm Machinery,CAT-FARM-EQUIP,unit,780000.0,850000.0,940000.0,INR,2025-10-01,Swaraj / Mahindra / Sonalika authorized dealer quote in Punjab,SRC-NABARD-PLP-LDH,0.96,Heavy duty commercial agricultural utility prime mover.,verified
EQP-ROTAVATOR-7FT,7-Feet Multi-Speed Gear Drive Rotavator,Tractor Implements,CAT-FARM-EQUIP,unit,105000.0,125000.0,145000.0,INR,2025-10-01,Shaktiman / Fieldking certified equipment price in Ludhiana,SRC-NABARD-PLP-LDH,0.94,"Primary seedbed tillage implement, 48-54 borond steel blades.",verified
EQP-LASER-LEVELER,Laser Guided Land Leveler with Dual Transmitter & Mast,Precision Farm Equipment,CAT-FARM-EQUIP,unit,270000.0,310000.0,350000.0,INR,2025-10-01,Trimble / Spectra precision agro dealer Punjab,SRC-NABARD-PLP-LDH,0.93,Saves 25-30% irrigation water in Punjab paddy-wheat cycle.,verified
